<?xml version="1.0" encoding="utf-8"?>
<edmx:Edmx Version="4.0" xmlns:edmx="http://docs.oasis-open.org/odata/ns/edmx">
  <edmx:Reference Uri="https://sap.github.io/odata-vocabularies/vocabularies/Common.xml">
    <edmx:Include Alias="Common" Namespace="com.sap.vocabularies.Common.v1"/>
  </edmx:Reference>
  <edmx:Reference Uri="https://oasis-tcs.github.io/odata-vocabularies/vocabularies/Org.OData.Core.V1.xml">
    <edmx:Include Alias="Core" Namespace="Org.OData.Core.V1"/>
  </edmx:Reference>
  <edmx:Reference Uri="https://oasis-tcs.github.io/odata-vocabularies/vocabularies/Org.OData.Measures.V1.xml">
    <edmx:Include Alias="Measures" Namespace="Org.OData.Measures.V1"/>
  </edmx:Reference>
  <edmx:Reference Uri="https://sap.github.io/odata-vocabularies/vocabularies/PersonalData.xml">
    <edmx:Include Alias="PersonalData" Namespace="com.sap.vocabularies.PersonalData.v1"/>
  </edmx:Reference>
  <edmx:Reference Uri="https://sap.github.io/odata-vocabularies/vocabularies/UI.xml">
    <edmx:Include Alias="UI" Namespace="com.sap.vocabularies.UI.v1"/>
  </edmx:Reference>
  <edmx:Reference Uri="https://oasis-tcs.github.io/odata-vocabularies/vocabularies/Org.OData.Validation.V1.xml">
    <edmx:Include Alias="Validation" Namespace="Org.OData.Validation.V1"/>
  </edmx:Reference>
  <edmx:DataServices>
    <Schema Namespace="AdminService" xmlns="http://docs.oasis-open.org/odata/ns/edm">
      <EntityContainer Name="EntityContainer">
        <EntitySet Name="Books" EntityType="AdminService.Books">
          <NavigationPropertyBinding Path="author" Target="Authors"/>
          <NavigationPropertyBinding Path="genre" Target="Genres"/>
          <NavigationPropertyBinding Path="currency" Target="Currencies"/>
          <NavigationPropertyBinding Path="texts" Target="Books_texts"/>
          <NavigationPropertyBinding Path="localized" Target="Books_texts"/>
          <NavigationPropertyBinding Path="SiblingEntity" Target="Books"/>
        </EntitySet>
        <EntitySet Name="Authors" EntityType="AdminService.Authors">
          <NavigationPropertyBinding Path="books" Target="Books"/>
        </EntitySet>
        <EntitySet Name="Orders" EntityType="AdminService.Orders">
          <NavigationPropertyBinding Path="Items" Target="OrderItems"/>
          <NavigationPropertyBinding Path="currency" Target="Currencies"/>
          <NavigationPropertyBinding Path="shippingAddress" Target="Addresses"/>
          <NavigationPropertyBinding Path="SiblingEntity" Target="Orders"/>
        </EntitySet>
        <Singleton Name="Upload" Type="AdminService.Upload"/>
        <EntitySet Name="Languages" EntityType="AdminService.Languages">
          <NavigationPropertyBinding Path="texts" Target="Languages_texts"/>
          <NavigationPropertyBinding Path="localized" Target="Languages_texts"/>
        </EntitySet>
        <EntitySet Name="Genres" EntityType="AdminService.Genres">
          <NavigationPropertyBinding Path="parent" Target="Genres"/>
          <NavigationPropertyBinding Path="children" Target="Genres"/>
          <NavigationPropertyBinding Path="texts" Target="Genres_texts"/>
          <NavigationPropertyBinding Path="localized" Target="Genres_texts"/>
        </EntitySet>
        <EntitySet Name="Currencies" EntityType="AdminService.Currencies">
          <NavigationPropertyBinding Path="texts" Target="Currencies_texts"/>
          <NavigationPropertyBinding Path="localized" Target="Currencies_texts"/>
        </EntitySet>
        <EntitySet Name="OrderItems" EntityType="AdminService.OrderItems">
          <NavigationPropertyBinding Path="parent" Target="Orders"/>
          <NavigationPropertyBinding Path="book" Target="Books"/>
          <NavigationPropertyBinding Path="SiblingEntity" Target="OrderItems"/>
        </EntitySet>
        <EntitySet Name="Addresses" EntityType="AdminService.Addresses"/>
        <EntitySet Name="Books_texts" EntityType="AdminService.Books_texts">
          <NavigationPropertyBinding Path="SiblingEntity" Target="Books_texts"/>
        </EntitySet>
        <EntitySet Name="Languages_texts" EntityType="AdminService.Languages_texts"/>
        <EntitySet Name="Genres_texts" EntityType="AdminService.Genres_texts"/>
        <EntitySet Name="Currencies_texts" EntityType="AdminService.Currencies_texts"/>
      </EntityContainer>
      <EntityType Name="Books">
        <Key>
          <PropertyRef Name="ID"/>
          <PropertyRef Name="IsActiveEntity"/>
        </Key>
        <Property Name="ID" Type="Edm.Guid" Nullable="false"/>
        <Property Name="createdAt" Type="Edm.DateTimeOffset" Precision="7"/>
        <Property Name="createdBy" Type="Edm.String" MaxLength="255"/>
        <Property Name="modifiedAt" Type="Edm.DateTimeOffset" Precision="7"/>
        <Property Name="modifiedBy" Type="Edm.String" MaxLength="255"/>
        <Property Name="title" Type="Edm.String" MaxLength="111"/>
        <Property Name="descr" Type="Edm.String" MaxLength="1111"/>
        <NavigationProperty Name="author" Type="AdminService.Authors" Partner="books">
          <ReferentialConstraint Property="author_ID" ReferencedProperty="ID"/>
        </NavigationProperty>
        <Property Name="author_ID" Type="Edm.Guid"/>
        <NavigationProperty Name="genre" Type="AdminService.Genres">
          <ReferentialConstraint Property="genre_ID" ReferencedProperty="ID"/>
        </NavigationProperty>
        <Property Name="genre_ID" Type="Edm.Int32"/>
        <Property Name="stock" Type="Edm.Int32"/>
        <Property Name="price" Type="Edm.Decimal" Scale="2" Precision="9"/>
        <NavigationProperty Name="currency" Type="AdminService.Currencies">
          <ReferentialConstraint Property="currency_code" ReferencedProperty="code"/>
        </NavigationProperty>
        <Property Name="currency_code" Type="Edm.String" MaxLength="3"/>
        <Property Name="rating" Type="Edm.Decimal" Scale="1" Precision="2"/>
        <Property Name="isReviewable" Type="Edm.Boolean" DefaultValue="true"/>
        <NavigationProperty Name="texts" Type="Collection(AdminService.Books_texts)">
          <OnDelete Action="Cascade"/>
        </NavigationProperty>
        <NavigationProperty Name="localized" Type="AdminService.Books_texts"/>
        <Property Name="IsActiveEntity" Type="Edm.Boolean" Nullable="false" DefaultValue="true"/>
        <Property Name="HasActiveEntity" Type="Edm.Boolean" Nullable="false" DefaultValue="false"/>
        <Property Name="HasDraftEntity" Type="Edm.Boolean" Nullable="false" DefaultValue="false"/>
        <NavigationProperty Name="DraftAdministrativeData" Type="AdminService.DraftAdministrativeData" ContainsTarget="true"/>
        <NavigationProperty Name="SiblingEntity" Type="AdminService.Books"/>
      </EntityType>
      <EntityType Name="Authors">
        <Key>
          <PropertyRef Name="ID"/>
        </Key>
        <Property Name="ID" Type="Edm.Guid" Nullable="false"/>
        <Property Name="createdAt" Type="Edm.DateTimeOffset" Precision="7"/>
        <Property Name="createdBy" Type="Edm.String" MaxLength="255"/>
        <Property Name="modifiedAt" Type="Edm.DateTimeOffset" Precision="7"/>
        <Property Name="modifiedBy" Type="Edm.String" MaxLength="255"/>
        <Property Name="name" Type="Edm.String" MaxLength="111"/>
        <Property Name="dateOfBirth" Type="Edm.Date"/>
        <Property Name="dateOfDeath" Type="Edm.Date"/>
        <Property Name="placeOfBirth" Type="Edm.String"/>
        <Property Name="placeOfDeath" Type="Edm.String"/>
        <NavigationProperty Name="books" Type="Collection(AdminService.Books)" Partner="author"/>
      </EntityType>
      <EntityType Name="Orders">
        <Key>
          <PropertyRef Name="ID"/>
          <PropertyRef Name="IsActiveEntity"/>
        </Key>
        <Property Name="ID" Type="Edm.Guid" Nullable="false"/>
        <Property Name="createdAt" Type="Edm.DateTimeOffset" Precision="7"/>
        <Property Name="createdBy" Type="Edm.String" MaxLength="255"/>
        <Property Name="modifiedAt" Type="Edm.DateTimeOffset" Precision="7"/>
        <Property Name="modifiedBy" Type="Edm.String" MaxLength="255"/>
        <Property Name="OrderNo" Type="Edm.String"/>
        <NavigationProperty Name="Items" Type="Collection(AdminService.OrderItems)" Partner="parent">
          <OnDelete Action="Cascade"/>
        </NavigationProperty>
        <Property Name="buyer" Type="Edm.String" MaxLength="255"/>
        <Property Name="total" Type="Edm.Decimal" Scale="2" Precision="9"/>
        <NavigationProperty Name="currency" Type="AdminService.Currencies">
          <ReferentialConstraint Property="currency_code" ReferencedProperty="code"/>
        </NavigationProperty>
        <Property Name="currency_code" Type="Edm.String" MaxLength="3"/>
        <NavigationProperty Name="shippingAddress" Type="AdminService.Addresses">
          <ReferentialConstraint Property="shippingAddress_ID" ReferencedProperty="ID"/>
          <ReferentialConstraint Property="shippingAddress_businessPartner" ReferencedProperty="businessPartner"/>
        </NavigationProperty>
        <Property Name="shippingAddress_ID" Type="Edm.String" MaxLength="10"/>
        <Property Name="shippingAddress_businessPartner" Type="Edm.String" MaxLength="10"/>
        <Property Name="IsActiveEntity" Type="Edm.Boolean" Nullable="false" DefaultValue="true"/>
        <Property Name="HasActiveEntity" Type="Edm.Boolean" Nullable="false" DefaultValue="false"/>
        <Property Name="HasDraftEntity" Type="Edm.Boolean" Nullable="false" DefaultValue="false"/>
        <NavigationProperty Name="DraftAdministrativeData" Type="AdminService.DraftAdministrativeData" ContainsTarget="true"/>
        <NavigationProperty Name="SiblingEntity" Type="AdminService.Orders"/>
      </EntityType>
      <EntityType Name="Upload">
        <Property Name="csv" Type="Edm.Stream"/>
      </EntityType>
      <EntityType Name="Languages">
        <Key>
          <PropertyRef Name="code"/>
        </Key>
        <Property Name="name" Type="Edm.String" MaxLength="255"/>
        <Property Name="descr" Type="Edm.String" MaxLength="1000"/>
        <Property Name="code" Type="Edm.String" MaxLength="14" Nullable="false"/>
        <NavigationProperty Name="texts" Type="Collection(AdminService.Languages_texts)">
          <OnDelete Action="Cascade"/>
        </NavigationProperty>
        <NavigationProperty Name="localized" Type="AdminService.Languages_texts">
          <ReferentialConstraint Property="code" ReferencedProperty="code"/>
        </NavigationProperty>
      </EntityType>
      <EntityType Name="Genres">
        <Key>
          <PropertyRef Name="ID"/>
        </Key>
        <Property Name="name" Type="Edm.String" MaxLength="255"/>
        <Property Name="descr" Type="Edm.String" MaxLength="1000"/>
        <Property Name="ID" Type="Edm.Int32" Nullable="false"/>
        <NavigationProperty Name="parent" Type="AdminService.Genres" Partner="children">
          <ReferentialConstraint Property="parent_ID" ReferencedProperty="ID"/>
        </NavigationProperty>
        <Property Name="parent_ID" Type="Edm.Int32"/>
        <NavigationProperty Name="children" Type="Collection(AdminService.Genres)" Partner="parent">
          <OnDelete Action="Cascade"/>
        </NavigationProperty>
        <NavigationProperty Name="texts" Type="Collection(AdminService.Genres_texts)">
          <OnDelete Action="Cascade"/>
        </NavigationProperty>
        <NavigationProperty Name="localized" Type="AdminService.Genres_texts">
          <ReferentialConstraint Property="ID" ReferencedProperty="ID"/>
        </NavigationProperty>
      </EntityType>
      <EntityType Name="Currencies">
        <Key>
          <PropertyRef Name="code"/>
        </Key>
        <Property Name="name" Type="Edm.String" MaxLength="255"/>
        <Property Name="descr" Type="Edm.String" MaxLength="1000"/>
        <Property Name="code" Type="Edm.String" MaxLength="3" Nullable="false"/>
        <Property Name="symbol" Type="Edm.String" MaxLength="5"/>
        <NavigationProperty Name="texts" Type="Collection(AdminService.Currencies_texts)">
          <OnDelete Action="Cascade"/>
        </NavigationProperty>
        <NavigationProperty Name="localized" Type="AdminService.Currencies_texts">
          <ReferentialConstraint Property="code" ReferencedProperty="code"/>
        </NavigationProperty>
      </EntityType>
      <EntityType Name="OrderItems">
        <Key>
          <PropertyRef Name="ID"/>
          <PropertyRef Name="IsActiveEntity"/>
        </Key>
        <Property Name="ID" Type="Edm.Guid" Nullable="false"/>
        <NavigationProperty Name="parent" Type="AdminService.Orders" Partner="Items">
          <ReferentialConstraint Property="parent_ID" ReferencedProperty="ID"/>
        </NavigationProperty>
        <Property Name="parent_ID" Type="Edm.Guid"/>
        <NavigationProperty Name="book" Type="AdminService.Books">
          <ReferentialConstraint Property="book_ID" ReferencedProperty="ID"/>
        </NavigationProperty>
        <Property Name="book_ID" Type="Edm.Guid"/>
        <Property Name="quantity" Type="Edm.Int32"/>
        <Property Name="amount" Type="Edm.Decimal" Scale="2" Precision="9"/>
        <Property Name="IsActiveEntity" Type="Edm.Boolean" Nullable="false" DefaultValue="true"/>
        <Property Name="HasActiveEntity" Type="Edm.Boolean" Nullable="false" DefaultValue="false"/>
        <Property Name="HasDraftEntity" Type="Edm.Boolean" Nullable="false" DefaultValue="false"/>
        <NavigationProperty Name="DraftAdministrativeData" Type="AdminService.DraftAdministrativeData" ContainsTarget="true"/>
        <NavigationProperty Name="SiblingEntity" Type="AdminService.OrderItems"/>
      </EntityType>
      <EntityType Name="Addresses">
        <Key>
          <PropertyRef Name="ID"/>
          <PropertyRef Name="businessPartner"/>
        </Key>
        <Property Name="ID" Type="Edm.String" MaxLength="10" Nullable="false"/>
        <Property Name="businessPartner" Type="Edm.String" MaxLength="10" Nullable="false"/>
        <Property Name="country" Type="Edm.String" MaxLength="3"/>
        <Property Name="city" Type="Edm.String" MaxLength="40"/>
        <Property Name="postalCode" Type="Edm.String" MaxLength="10"/>
        <Property Name="street" Type="Edm.String" MaxLength="60"/>
        <Property Name="houseNumber" Type="Edm.String" MaxLength="10"/>
        <Property Name="tombstone" Type="Edm.Boolean"/>
      </EntityType>
      <EntityType Name="DraftAdministrativeData">
        <Key>
          <PropertyRef Name="DraftUUID"/>
        </Key>
        <Property Name="DraftUUID" Type="Edm.Guid" Nullable="false"/>
        <Property Name="CreationDateTime" Type="Edm.DateTimeOffset" Precision="7"/>
        <Property Name="CreatedByUser" Type="Edm.String" MaxLength="256"/>
        <Property Name="DraftIsCreatedByMe" Type="Edm.Boolean"/>
        <Property Name="LastChangeDateTime" Type="Edm.DateTimeOffset" Precision="7"/>
        <Property Name="LastChangedByUser" Type="Edm.String" MaxLength="256"/>
        <Property Name="InProcessByUser" Type="Edm.String" MaxLength="256"/>
        <Property Name="DraftIsProcessedByMe" Type="Edm.Boolean"/>
      </EntityType>
      <EntityType Name="Books_texts">
        <Key>
          <PropertyRef Name="ID_texts"/>
          <PropertyRef Name="IsActiveEntity"/>
        </Key>
        <Property Name="ID_texts" Type="Edm.Guid" Nullable="false"/>
        <Property Name="locale" Type="Edm.String" MaxLength="14"/>
        <Property Name="ID" Type="Edm.Guid"/>
        <Property Name="title" Type="Edm.String" MaxLength="111"/>
        <Property Name="descr" Type="Edm.String" MaxLength="1111"/>
        <Property Name="IsActiveEntity" Type="Edm.Boolean" Nullable="false" DefaultValue="true"/>
        <Property Name="HasActiveEntity" Type="Edm.Boolean" Nullable="false" DefaultValue="false"/>
        <Property Name="HasDraftEntity" Type="Edm.Boolean" Nullable="false" DefaultValue="false"/>
        <NavigationProperty Name="DraftAdministrativeData" Type="AdminService.DraftAdministrativeData" ContainsTarget="true"/>
        <NavigationProperty Name="SiblingEntity" Type="AdminService.Books_texts"/>
      </EntityType>
      <EntityType Name="Languages_texts">
        <Key>
          <PropertyRef Name="locale"/>
          <PropertyRef Name="code"/>
        </Key>
        <Property Name="locale" Type="Edm.String" MaxLength="14" Nullable="false"/>
        <Property Name="name" Type="Edm.String" MaxLength="255"/>
        <Property Name="descr" Type="Edm.String" MaxLength="1000"/>
        <Property Name="code" Type="Edm.String" MaxLength="14" Nullable="false"/>
      </EntityType>
      <EntityType Name="Genres_texts">
        <Key>
          <PropertyRef Name="locale"/>
          <PropertyRef Name="ID"/>
        </Key>
        <Property Name="locale" Type="Edm.String" MaxLength="14" Nullable="false"/>
        <Property Name="name" Type="Edm.String" MaxLength="255"/>
        <Property Name="descr" Type="Edm.String" MaxLength="1000"/>
        <Property Name="ID" Type="Edm.Int32" Nullable="false"/>
      </EntityType>
      <EntityType Name="Currencies_texts">
        <Key>
          <PropertyRef Name="locale"/>
          <PropertyRef Name="code"/>
        </Key>
        <Property Name="locale" Type="Edm.String" MaxLength="14" Nullable="false"/>
        <Property Name="name" Type="Edm.String" MaxLength="255"/>
        <Property Name="descr" Type="Edm.String" MaxLength="1000"/>
        <Property Name="code" Type="Edm.String" MaxLength="3" Nullable="false"/>
      </EntityType>
      <Action Name="addToOrder" IsBound="true">
        <Parameter Name="_it" Type="AdminService.Books"/>
        <Parameter Name="order_ID" Type="Edm.Guid"/>
        <Parameter Name="quantity" Type="Edm.Int32"/>
        <ReturnType Type="AdminService.Orders"/>
      </Action>
      <Action Name="draftPrepare" IsBound="true" EntitySetPath="in">
        <Parameter Name="in" Type="AdminService.Books"/>
        <Parameter Name="SideEffectsQualifier" Type="Edm.String"/>
        <ReturnType Type="AdminService.Books"/>
      </Action>
      <Action Name="draftPrepare" IsBound="true" EntitySetPath="in">
        <Parameter Name="in" Type="AdminService.Orders"/>
        <Parameter Name="SideEffectsQualifier" Type="Edm.String"/>
        <ReturnType Type="AdminService.Orders"/>
      </Action>
      <Action Name="draftPrepare" IsBound="true" EntitySetPath="in">
        <Parameter Name="in" Type="AdminService.OrderItems"/>
        <Parameter Name="SideEffectsQualifier" Type="Edm.String"/>
        <ReturnType Type="AdminService.OrderItems"/>
      </Action>
      <Action Name="draftPrepare" IsBound="true" EntitySetPath="in">
        <Parameter Name="in" Type="AdminService.Books_texts"/>
        <Parameter Name="SideEffectsQualifier" Type="Edm.String"/>
        <ReturnType Type="AdminService.Books_texts"/>
      </Action>
      <Action Name="draftActivate" IsBound="true" EntitySetPath="in">
        <Parameter Name="in" Type="AdminService.Books"/>
        <ReturnType Type="AdminService.Books"/>
      </Action>
      <Action Name="draftActivate" IsBound="true" EntitySetPath="in">
        <Parameter Name="in" Type="AdminService.Orders"/>
        <ReturnType Type="AdminService.Orders"/>
      </Action>
      <Action Name="draftEdit" IsBound="true" EntitySetPath="in">
        <Parameter Name="in" Type="AdminService.Books"/>
        <Parameter Name="PreserveChanges" Type="Edm.Boolean"/>
        <ReturnType Type="AdminService.Books"/>
      </Action>
      <Action Name="draftEdit" IsBound="true" EntitySetPath="in">
        <Parameter Name="in" Type="AdminService.Orders"/>
        <Parameter Name="PreserveChanges" Type="Edm.Boolean"/>
        <ReturnType Type="AdminService.Orders"/>
      </Action>
      <Annotations Target="AdminService.Books">
        <Annotation Term="UI.Facets">
          <Collection>
            <Record Type="UI.ReferenceFacet">
              <PropertyValue Property="Label" String="Generelles"/>
              <PropertyValue Property="Target" AnnotationPath="@UI.FieldGroup#General"/>
            </Record>
            <Record Type="UI.ReferenceFacet">
              <PropertyValue Property="Label" String="Translations"/>
              <PropertyValue Property="Target" AnnotationPath="texts/@UI.LineItem"/>
            </Record>
            <Record Type="UI.ReferenceFacet">
              <PropertyValue Property="Label" String="Details"/>
              <PropertyValue Property="Target" AnnotationPath="@UI.FieldGroup#Details"/>
            </Record>
            <Record Type="UI.ReferenceFacet">
              <PropertyValue Property="Label" String="Administratives"/>
              <PropertyValue Property="Target" AnnotationPath="@UI.FieldGroup#Admin"/>
            </Record>
          </Collection>
        </Annotation>
        <Annotation Term="UI.FieldGroup" Qualifier="General">
          <Record Type="UI.FieldGroupType">
            <PropertyValue Property="Data">
              <Collection>
                <Record Type="UI.DataField">
                  <PropertyValue Property="Value" Path="title"/>
                </Record>
                <Record Type="UI.DataField">
                  <PropertyValue Property="Value" Path="author_ID"/>
                </Record>
                <Record Type="UI.DataField">
                  <PropertyValue Property="Value" Path="genre_ID"/>
                </Record>
                <Record Type="UI.DataField">
                  <PropertyValue Property="Value" Path="descr"/>
                </Record>
              </Collection>
            </PropertyValue>
          </Record>
        </Annotation>
        <Annotation Term="UI.FieldGroup" Qualifier="Details">
          <Record Type="UI.FieldGroupType">
            <PropertyValue Property="Data">
              <Collection>
                <Record Type="UI.DataField">
                  <PropertyValue Property="Value" Path="stock"/>
                </Record>
                <Record Type="UI.DataField">
                  <PropertyValue Property="Value" Path="price"/>
                </Record>
                <Record Type="UI.DataField">
                  <PropertyValue Property="Value" Path="currency_code"/>
                  <PropertyValue Property="Label" String="Währung"/>
                </Record>
              </Collection>
            </PropertyValue>
          </Record>
        </Annotation>
        <Annotation Term="UI.FieldGroup" Qualifier="Admin">
          <Record Type="UI.FieldGroupType">
            <PropertyValue Property="Data">
              <Collection>
                <Record Type="UI.DataField">
                  <PropertyValue Property="Value" Path="createdBy"/>
                </Record>
                <Record Type="UI.DataField">
                  <PropertyValue Property="Value" Path="createdAt"/>
                </Record>
                <Record Type="UI.DataField">
                  <PropertyValue Property="Value" Path="modifiedBy"/>
                </Record>
                <Record Type="UI.DataField">
                  <PropertyValue Property="Value" Path="modifiedAt"/>
                </Record>
              </Collection>
            </PropertyValue>
          </Record>
        </Annotation>
        <Annotation Term="UI.Identification">
          <Collection>
            <Record Type="UI.DataField">
              <PropertyValue Property="Value" Path="title"/>
            </Record>
          </Collection>
        </Annotation>
        <Annotation Term="UI.SelectionFields">
          <Collection>
            <PropertyPath>ID</PropertyPath>
            <PropertyPath>author_ID</PropertyPath>
            <PropertyPath>price</PropertyPath>
            <PropertyPath>currency_code</PropertyPath>
          </Collection>
        </Annotation>
        <Annotation Term="UI.LineItem">
          <Collection>
            <Record Type="UI.DataField">
              <PropertyValue Property="Value" Path="ID"/>
            </Record>
            <Record Type="UI.DataField">
              <PropertyValue Property="Value" Path="title"/>
            </Record>
            <Record Type="UI.DataField">
              <PropertyValue Property="Value" Path="author/name"/>
              <PropertyValue Property="Label" String="Autor"/>
            </Record>
            <Record Type="UI.DataField">
              <PropertyValue Property="Value" Path="genre/name"/>
            </Record>
            <Record Type="UI.DataField">
              <PropertyValue Property="Value" Path="stock"/>
            </Record>
            <Record Type="UI.DataField">
              <PropertyValue Property="Value" Path="price"/>
            </Record>
            <Record Type="UI.DataField">
              <PropertyValue Property="Value" Path="currency/symbol"/>
              <PropertyValue Property="Label" String=" "/>
            </Record>
            <Record Type="UI.DataFieldForAction">
              <PropertyValue Property="Label" String="Zu Bestellung hinzufügen"/>
              <PropertyValue Property="Action" String="AdminService.addToOrder"/>
            </Record>
          </Collection>
        </Annotation>
        <Annotation Term="UI.HeaderInfo">
          <Record Type="UI.HeaderInfoType">
            <PropertyValue Property="TypeName" String="Buch"/>
            <PropertyValue Property="TypeNamePlural" String="Bücher"/>
            <PropertyValue Property="TypeImageUrl" String="sap-icon://course-book"/>
            <PropertyValue Property="Title">
              <Record Type="UI.DataField">
                <PropertyValue Property="Value" Path="title"/>
              </Record>
            </PropertyValue>
            <PropertyValue Property="Description">
              <Record Type="UI.DataField">
                <PropertyValue Property="Value" Path="author/name"/>
              </Record>
            </PropertyValue>
          </Record>
        </Annotation>
        <Annotation Term="Common.SemanticKey">
          <Collection>
            <PropertyPath>title</PropertyPath>
          </Collection>
        </Annotation>
      </Annotations>
      <Annotations Target="AdminService.EntityContainer/Books">
        <Annotation Term="Common.DraftRoot">
          <Record Type="Common.DraftRootType">
            <PropertyValue Property="ActivationAction" String="AdminService.draftActivate"/>
            <PropertyValue Property="EditAction" String="AdminService.draftEdit"/>
            <PropertyValue Property="PreparationAction" String="AdminService.draftPrepare"/>
          </Record>
        </Annotation>
      </Annotations>
      <Annotations Target="AdminService.Books/ID">
        <Annotation Term="UI.HiddenFilter" Bool="true"/>
        <Annotation Term="Core.Computed" Bool="true"/>
        <Annotation Term="Common.Label" String="ID"/>
      </Annotations>
      <Annotations Target="AdminService.Books/createdAt">
        <Annotation Term="UI.HiddenFilter" Bool="true"/>
        <Annotation Term="Core.Immutable" Bool="true"/>
        <Annotation Term="Core.Computed" Bool="true"/>
        <Annotation Term="Common.Label" String="Angelegt am"/>
      </Annotations>
      <Annotations Target="AdminService.Books/createdBy">
        <Annotation Term="UI.HiddenFilter" Bool="true"/>
        <Annotation Term="Core.Immutable" Bool="true"/>
        <Annotation Term="Core.Computed" Bool="true"/>
        <Annotation Term="Core.Description" String="Die eindeutige ID eines Benutzers"/>
        <Annotation Term="Common.Label" String="Angelegt von"/>
      </Annotations>
      <Annotations Target="AdminService.Books/modifiedAt">
        <Annotation Term="UI.HiddenFilter" Bool="true"/>
        <Annotation Term="Core.Computed" Bool="true"/>
        <Annotation Term="Common.Label" String="Geändert am"/>
      </Annotations>
      <Annotations Target="AdminService.Books/modifiedBy">
        <Annotation Term="UI.HiddenFilter" Bool="true"/>
        <Annotation Term="Core.Computed" Bool="true"/>
        <Annotation Term="Core.Description" String="Die eindeutige ID eines Benutzers"/>
        <Annotation Term="Common.Label" String="Geändert von"/>
      </Annotations>
      <Annotations Target="AdminService.Books/title">
        <Annotation Term="Common.Label" String="Titel"/>
      </Annotations>
      <Annotations Target="AdminService.Books/descr">
        <Annotation Term="UI.MultiLineText" Bool="true"/>
        <Annotation Term="Common.Label" String="Beschreibung"/>
      </Annotations>
      <Annotations Target="AdminService.Books/author">
        <Annotation Term="Common.Label" String="Autor"/>
      </Annotations>
      <Annotations Target="AdminService.Books/author_ID">
        <Annotation Term="Common.Text" Path="author/name">
          <Annotation Term="UI.TextArrangement" EnumMember="UI.TextArrangementType/TextOnly"/>
        </Annotation>
        <Annotation Term="Common.ValueList">
          <Record Type="Common.ValueListType">
            <PropertyValue Property="Label" String="Autor"/>
            <PropertyValue Property="CollectionPath" String="Authors"/>
            <PropertyValue Property="Parameters">
              <Collection>
                <Record Type="Common.ValueListParameterInOut">
                  <PropertyValue Property="LocalDataProperty" PropertyPath="author_ID"/>
                  <PropertyValue Property="ValueListProperty" String="ID"/>
                </Record>
                <Record Type="Common.ValueListParameterDisplayOnly">
                  <PropertyValue Property="ValueListProperty" String="name"/>
                </Record>
              </Collection>
            </PropertyValue>
          </Record>
        </Annotation>
        <Annotation Term="Common.Label" String="Autor"/>
      </Annotations>
      <Annotations Target="AdminService.Books/genre">
        <Annotation Term="Common.Label" String="Genre"/>
      </Annotations>
      <Annotations Target="AdminService.Books/genre_ID">
        <Annotation Term="Common.Text" Path="genre/name">
          <Annotation Term="UI.TextArrangement" EnumMember="UI.TextArrangementType/TextOnly"/>
        </Annotation>
        <Annotation Term="Common.Label" String="Genre"/>
        <Annotation Term="Common.ValueList">
          <Record Type="Common.ValueListType">
            <PropertyValue Property="Label" String="Genre"/>
            <PropertyValue Property="CollectionPath" String="Genres"/>
            <PropertyValue Property="Parameters">
              <Collection>
                <Record Type="Common.ValueListParameterInOut">
                  <PropertyValue Property="LocalDataProperty" PropertyPath="genre_ID"/>
                  <PropertyValue Property="ValueListProperty" String="ID"/>
                </Record>
                <Record Type="Common.ValueListParameterDisplayOnly">
                  <PropertyValue Property="ValueListProperty" String="name"/>
                </Record>
              </Collection>
            </PropertyValue>
          </Record>
        </Annotation>
      </Annotations>
      <Annotations Target="AdminService.Books/stock">
        <Annotation Term="Common.Label" String="Bestand"/>
      </Annotations>
      <Annotations Target="AdminService.Books/price">
        <Annotation Term="Common.Label" String="Preis"/>
      </Annotations>
      <Annotations Target="AdminService.Books/currency">
        <Annotation Term="Common.Label" String="Währung"/>
        <Annotation Term="Core.Description" String="Währungscode gemäß ISO 4217"/>
      </Annotations>
      <Annotations Target="AdminService.Books/currency_code">
        <Annotation Term="Common.Label" String="Währung"/>
        <Annotation Term="Common.ValueList">
          <Record Type="Common.ValueListType">
            <PropertyValue Property="Label" String="Währung"/>
            <PropertyValue Property="CollectionPath" String="Currencies"/>
            <PropertyValue Property="Parameters">
              <Collection>
                <Record Type="Common.ValueListParameterInOut">
                  <PropertyValue Property="LocalDataProperty" PropertyPath="currency_code"/>
                  <PropertyValue Property="ValueListProperty" String="code"/>
                </Record>
                <Record Type="Common.ValueListParameterDisplayOnly">
                  <PropertyValue Property="ValueListProperty" String="name"/>
                </Record>
              </Collection>
            </PropertyValue>
          </Record>
        </Annotation>
        <Annotation Term="Core.Description" String="Währungscode gemäß ISO 4217"/>
      </Annotations>
      <Annotations Target="AdminService.Books/isReviewable">
        <Annotation Term="UI.Hidden" Bool="true"/>
        <Annotation Term="Core.Computed" Bool="true"/>
      </Annotations>
      <Annotations Target="AdminService.Books/IsActiveEntity">
        <Annotation Term="UI.Hidden" Bool="true"/>
      </Annotations>
      <Annotations Target="AdminService.Books/HasActiveEntity">
        <Annotation Term="UI.Hidden" Bool="true"/>
      </Annotations>
      <Annotations Target="AdminService.Books/HasDraftEntity">
        <Annotation Term="UI.Hidden" Bool="true"/>
      </Annotations>
      <Annotations Target="AdminService.Books/DraftAdministrativeData">
        <Annotation Term="UI.Hidden" Bool="true"/>
      </Annotations>
      <Annotations Target="AdminService.addToOrder(AdminService.Books)">
        <Annotation Term="Common.SideEffects">
          <Record Type="Common.SideEffectsType">
            <PropertyValue Property="TargetProperties">
              <Collection>
                <String>_it/order_ID</String>
              </Collection>
            </PropertyValue>
            <PropertyValue Property="TargetEntities">
              <Collection>
                <NavigationPropertyPath>_it</NavigationPropertyPath>
              </Collection>
            </PropertyValue>
          </Record>
        </Annotation>
      </Annotations>
      <Annotations Target="AdminService.addToOrder(AdminService.Books)/order_ID">
        <Annotation Term="Common.ValueListMapping">
          <Record Type="Common.ValueListMappingType">
            <PropertyValue Property="Label" String="Bestellungen"/>
            <PropertyValue Property="CollectionPath" String="Orders"/>
            <PropertyValue Property="Parameters">
              <Collection>
                <Record Type="Common.ValueListParameterInOut">
                  <PropertyValue Property="LocalDataProperty" PropertyPath="order_ID"/>
                  <PropertyValue Property="ValueListProperty" String="ID"/>
                </Record>
                <Record Type="Common.ValueListParameterDisplayOnly">
                  <PropertyValue Property="ValueListProperty" String="OrderNo"/>
                </Record>
                <Record Type="Common.ValueListParameterDisplayOnly">
                  <PropertyValue Property="ValueListProperty" String="createdBy"/>
                </Record>
                <Record Type="Common.ValueListParameterDisplayOnly">
                  <PropertyValue Property="ValueListProperty" String="createdAt"/>
                </Record>
              </Collection>
            </PropertyValue>
          </Record>
        </Annotation>
        <Annotation Term="Common.Label" String="Bestellung"/>
      </Annotations>
      <Annotations Target="AdminService.addToOrder(AdminService.Books)/quantity">
        <Annotation Term="Common.Label" String="Menge"/>
      </Annotations>
      <Annotations Target="AdminService.Authors">
        <Annotation Term="Common.SemanticKey">
          <Collection>
            <PropertyPath>name</PropertyPath>
          </Collection>
        </Annotation>
        <Annotation Term="UI.Identification">
          <Collection>
            <Record Type="UI.DataField">
              <PropertyValue Property="Value" Path="name"/>
            </Record>
          </Collection>
        </Annotation>
        <Annotation Term="UI.SelectionFields">
          <Collection>
            <PropertyPath>name</PropertyPath>
          </Collection>
        </Annotation>
        <Annotation Term="UI.LineItem">
          <Collection>
            <Record Type="UI.DataField">
              <PropertyValue Property="Value" Path="ID"/>
            </Record>
            <Record Type="UI.DataField">
              <PropertyValue Property="Value" Path="name"/>
            </Record>
            <Record Type="UI.DataField">
              <PropertyValue Property="Value" Path="dateOfBirth"/>
            </Record>
            <Record Type="UI.DataField">
              <PropertyValue Property="Value" Path="dateOfDeath"/>
            </Record>
            <Record Type="UI.DataField">
              <PropertyValue Property="Value" Path="placeOfBirth"/>
            </Record>
            <Record Type="UI.DataField">
              <PropertyValue Property="Value" Path="placeOfDeath"/>
            </Record>
          </Collection>
        </Annotation>
        <Annotation Term="UI.HeaderInfo">
          <Record Type="UI.HeaderInfoType">
            <PropertyValue Property="TypeName" String="Autor"/>
            <PropertyValue Property="TypeNamePlural" String="Autor"/>
            <PropertyValue Property="Title">
              <Record Type="UI.DataField">
                <PropertyValue Property="Value" Path="name"/>
              </Record>
            </PropertyValue>
            <PropertyValue Property="Description">
              <Record Type="UI.DataField">
                <PropertyValue Property="Value" Path="dateOfBirth"/>
              </Record>
            </PropertyValue>
          </Record>
        </Annotation>
        <Annotation Term="UI.Facets">
          <Collection>
            <Record Type="UI.ReferenceFacet">
              <PropertyValue Property="Target" AnnotationPath="books/@UI.LineItem"/>
            </Record>
          </Collection>
        </Annotation>
      </Annotations>
      <Annotations Target="AdminService.EntityContainer/Authors">
        <Annotation Term="PersonalData.DataSubjectRole" String="Author"/>
        <Annotation Term="PersonalData.EntitySemantics" String="DataSubject"/>
      </Annotations>
      <Annotations Target="AdminService.Authors/ID">
        <Annotation Term="PersonalData.FieldSemantics" String="DataSubjectID"/>
        <Annotation Term="UI.HiddenFilter" Bool="true"/>
        <Annotation Term="Core.Computed" Bool="true"/>
        <Annotation Term="Common.Label" String="ID"/>
      </Annotations>
      <Annotations Target="AdminService.Authors/createdAt">
        <Annotation Term="UI.HiddenFilter" Bool="true"/>
        <Annotation Term="Core.Immutable" Bool="true"/>
        <Annotation Term="Core.Computed" Bool="true"/>
        <Annotation Term="Common.Label" String="Angelegt am"/>
      </Annotations>
      <Annotations Target="AdminService.Authors/createdBy">
        <Annotation Term="UI.HiddenFilter" Bool="true"/>
        <Annotation Term="Core.Immutable" Bool="true"/>
        <Annotation Term="Core.Computed" Bool="true"/>
        <Annotation Term="Core.Description" String="Die eindeutige ID eines Benutzers"/>
        <Annotation Term="Common.Label" String="Angelegt von"/>
      </Annotations>
      <Annotations Target="AdminService.Authors/modifiedAt">
        <Annotation Term="UI.HiddenFilter" Bool="true"/>
        <Annotation Term="Core.Computed" Bool="true"/>
        <Annotation Term="Common.Label" String="Geändert am"/>
      </Annotations>
      <Annotations Target="AdminService.Authors/modifiedBy">
        <Annotation Term="UI.HiddenFilter" Bool="true"/>
        <Annotation Term="Core.Computed" Bool="true"/>
        <Annotation Term="Core.Description" String="Die eindeutige ID eines Benutzers"/>
        <Annotation Term="Common.Label" String="Geändert von"/>
      </Annotations>
      <Annotations Target="AdminService.Authors/name">
        <Annotation Term="PersonalData.IsPotentiallySensitive" Bool="true"/>
        <Annotation Term="Validation.Pattern" String="^\p{Lu}.*"/>
        <Annotation Term="Common.Label" String="Name"/>
      </Annotations>
      <Annotations Target="AdminService.Authors/dateOfBirth">
        <Annotation Term="Common.Label" String="DateOfBirth"/>
      </Annotations>
      <Annotations Target="AdminService.Authors/dateOfDeath">
        <Annotation Term="Common.Label" String="DateOfDeath"/>
      </Annotations>
      <Annotations Target="AdminService.Authors/placeOfBirth">
        <Annotation Term="Common.Label" String="PlaceOfBirth"/>
      </Annotations>
      <Annotations Target="AdminService.Authors/placeOfDeath">
        <Annotation Term="Common.Label" String="PlaceOfDeath"/>
      </Annotations>
      <Annotations Target="AdminService.Orders">
        <Annotation Term="UI.SelectionFields">
          <Collection>
            <PropertyPath>createdAt</PropertyPath>
            <PropertyPath>createdBy</PropertyPath>
          </Collection>
        </Annotation>
        <Annotation Term="UI.LineItem">
          <Collection>
            <Record Type="UI.DataField">
              <PropertyValue Property="Value" Path="createdBy"/>
              <PropertyValue Property="Label" String="Kunde"/>
            </Record>
            <Record Type="UI.DataField">
              <PropertyValue Property="Value" Path="total"/>
              <PropertyValue Property="Label" String="Bestellungswert"/>
            </Record>
            <Record Type="UI.DataField">
              <PropertyValue Property="Value" Path="createdAt"/>
              <PropertyValue Property="Label" String="Datum"/>
            </Record>
          </Collection>
        </Annotation>
        <Annotation Term="UI.HeaderInfo">
          <Record Type="UI.HeaderInfoType">
            <PropertyValue Property="TypeName" String="Bestellung"/>
            <PropertyValue Property="TypeNamePlural" String="Bestellungen"/>
            <PropertyValue Property="Title">
              <Record Type="UI.DataField">
                <PropertyValue Property="Label" String="Bestellungsnummer"/>
                <PropertyValue Property="Value" Path="OrderNo"/>
              </Record>
            </PropertyValue>
            <PropertyValue Property="Description">
              <Record Type="UI.DataField">
                <PropertyValue Property="Value" Path="createdBy"/>
              </Record>
            </PropertyValue>
          </Record>
        </Annotation>
        <Annotation Term="UI.Identification">
          <Collection>
            <Record Type="UI.DataField">
              <PropertyValue Property="Value" Path="createdBy"/>
              <PropertyValue Property="Label" String="Kunde"/>
            </Record>
            <Record Type="UI.DataField">
              <PropertyValue Property="Value" Path="createdAt"/>
              <PropertyValue Property="Label" String="Datum"/>
            </Record>
            <Record Type="UI.DataField">
              <PropertyValue Property="Value" Path="OrderNo"/>
            </Record>
            <Record Type="UI.DataField">
              <PropertyValue Property="Value" String="shippingAddress"/>
              <PropertyValue Property="Label" String="ID"/>
            </Record>
          </Collection>
        </Annotation>
        <Annotation Term="UI.HeaderFacets">
          <Collection>
            <Record Type="UI.ReferenceFacet">
              <PropertyValue Property="Label" String="Angelegt"/>
              <PropertyValue Property="Target" AnnotationPath="@UI.FieldGroup#Created"/>
            </Record>
            <Record Type="UI.ReferenceFacet">
              <PropertyValue Property="Label" String="Bearbeitet"/>
              <PropertyValue Property="Target" AnnotationPath="@UI.FieldGroup#Modified"/>
            </Record>
          </Collection>
        </Annotation>
        <Annotation Term="UI.Facets">
          <Collection>
            <Record Type="UI.ReferenceFacet">
              <PropertyValue Property="Label" String="Lieferaddresse"/>
              <PropertyValue Property="Target" AnnotationPath="@UI.FieldGroup#ShippingAddress"/>
            </Record>
            <Record Type="UI.ReferenceFacet">
              <PropertyValue Property="Label" String="Details"/>
              <PropertyValue Property="Target" AnnotationPath="@UI.FieldGroup#Details"/>
            </Record>
            <Record Type="UI.ReferenceFacet">
              <PropertyValue Property="Label" String="Bestellungseinträge"/>
              <PropertyValue Property="Target" AnnotationPath="Items/@UI.LineItem"/>
            </Record>
          </Collection>
        </Annotation>
        <Annotation Term="UI.FieldGroup" Qualifier="Details">
          <Record Type="UI.FieldGroupType">
            <PropertyValue Property="Data">
              <Collection>
                <Record Type="UI.DataField">
                  <PropertyValue Property="Value" Path="total"/>
                  <PropertyValue Property="Label" String="Bestellungswert"/>
                </Record>
                <Record Type="UI.DataField">
                  <PropertyValue Property="Value" Path="currency_code"/>
                  <PropertyValue Property="Label" String="Währung"/>
                </Record>
              </Collection>
            </PropertyValue>
          </Record>
        </Annotation>
        <Annotation Term="UI.FieldGroup" Qualifier="Created">
          <Record Type="UI.FieldGroupType">
            <PropertyValue Property="Data">
              <Collection>
                <Record Type="UI.DataField">
                  <PropertyValue Property="Value" Path="createdBy"/>
                </Record>
                <Record Type="UI.DataField">
                  <PropertyValue Property="Value" Path="createdAt"/>
                </Record>
              </Collection>
            </PropertyValue>
          </Record>
        </Annotation>
        <Annotation Term="UI.FieldGroup" Qualifier="Modified">
          <Record Type="UI.FieldGroupType">
            <PropertyValue Property="Data">
              <Collection>
                <Record Type="UI.DataField">
                  <PropertyValue Property="Value" Path="modifiedBy"/>
                </Record>
                <Record Type="UI.DataField">
                  <PropertyValue Property="Value" Path="modifiedAt"/>
                </Record>
              </Collection>
            </PropertyValue>
          </Record>
        </Annotation>
        <Annotation Term="UI.FieldGroup" Qualifier="ShippingAddress">
          <Record Type="UI.FieldGroupType">
            <PropertyValue Property="Data">
              <Collection>
                <Record Type="UI.DataField">
                  <PropertyValue Property="Value" Path="shippingAddress_ID"/>
                  <PropertyValue Property="Label" String="Lieferaddresse"/>
                </Record>
                <Record Type="UI.DataField">
                  <PropertyValue Property="Value" Path="shippingAddress/houseNumber"/>
                  <PropertyValue Property="Label" String="Hausnummer"/>
                </Record>
                <Record Type="UI.DataField">
                  <PropertyValue Property="Value" Path="shippingAddress/street"/>
                  <PropertyValue Property="Label" String="Straße"/>
                </Record>
                <Record Type="UI.DataField">
                  <PropertyValue Property="Value" Path="shippingAddress/city"/>
                  <PropertyValue Property="Label" String="Stadt"/>
                </Record>
                <Record Type="UI.DataField">
                  <PropertyValue Property="Value" Path="shippingAddress/postalCode"/>
                  <PropertyValue Property="Label" String="Postleitzahl"/>
                </Record>
              </Collection>
            </PropertyValue>
          </Record>
        </Annotation>
        <Annotation Term="Common.SideEffects" Qualifier="ItemsChanges">
          <Record Type="Common.SideEffectsType">
            <PropertyValue Property="SourceEntities">
              <Collection>
                <NavigationPropertyPath>Items</NavigationPropertyPath>
              </Collection>
            </PropertyValue>
            <PropertyValue Property="TargetProperties">
              <Collection>
                <String>total</String>
              </Collection>
            </PropertyValue>
          </Record>
        </Annotation>
        <Annotation Term="Common.SideEffects" Qualifier="CurrencyChanges">
          <Record Type="Common.SideEffectsType">
            <PropertyValue Property="SourceProperties">
              <Collection>
                <PropertyPath>currency_code</PropertyPath>
              </Collection>
            </PropertyValue>
            <PropertyValue Property="TargetEntities">
              <Collection>
                <NavigationPropertyPath>currency</NavigationPropertyPath>
              </Collection>
            </PropertyValue>
          </Record>
        </Annotation>
        <Annotation Term="Common.SideEffects" Qualifier="AddressChanges">
          <Record Type="Common.SideEffectsType">
            <PropertyValue Property="SourceProperties">
              <Collection>
                <PropertyPath>shippingAddress_ID</PropertyPath>
              </Collection>
            </PropertyValue>
            <PropertyValue Property="TargetEntities">
              <Collection>
                <NavigationPropertyPath>shippingAddress</NavigationPropertyPath>
              </Collection>
            </PropertyValue>
          </Record>
        </Annotation>
      </Annotations>
      <Annotations Target="AdminService.EntityContainer/Orders">
        <Annotation Term="Common.SideEffects" Qualifier="ItemsChanges">
          <Record Type="Common.SideEffectsType">
            <PropertyValue Property="SourceEntities">
              <Collection>
                <NavigationPropertyPath>Items</NavigationPropertyPath>
              </Collection>
            </PropertyValue>
            <PropertyValue Property="TargetProperties">
              <Collection>
                <String>total</String>
              </Collection>
            </PropertyValue>
          </Record>
        </Annotation>
        <Annotation Term="Common.SideEffects" Qualifier="CurrencyChanges">
          <Record Type="Common.SideEffectsType">
            <PropertyValue Property="SourceProperties">
              <Collection>
                <PropertyPath>currency_code</PropertyPath>
              </Collection>
            </PropertyValue>
            <PropertyValue Property="TargetEntities">
              <Collection>
                <NavigationPropertyPath>currency</NavigationPropertyPath>
              </Collection>
            </PropertyValue>
          </Record>
        </Annotation>
        <Annotation Term="Common.SideEffects" Qualifier="AddressChanges">
          <Record Type="Common.SideEffectsType">
            <PropertyValue Property="SourceProperties">
              <Collection>
                <PropertyPath>shippingAddress_ID</PropertyPath>
              </Collection>
            </PropertyValue>
            <PropertyValue Property="TargetEntities">
              <Collection>
                <NavigationPropertyPath>shippingAddress</NavigationPropertyPath>
              </Collection>
            </PropertyValue>
          </Record>
        </Annotation>
        <Annotation Term="Common.DraftRoot">
          <Record Type="Common.DraftRootType">
            <PropertyValue Property="ActivationAction" String="AdminService.draftActivate"/>
            <PropertyValue Property="EditAction" String="AdminService.draftEdit"/>
            <PropertyValue Property="PreparationAction" String="AdminService.draftPrepare"/>
          </Record>
        </Annotation>
      </Annotations>
      <Annotations Target="AdminService.Orders/ID">
        <Annotation Term="Core.Computed" Bool="true"/>
      </Annotations>
      <Annotations Target="AdminService.Orders/createdAt">
        <Annotation Term="UI.HiddenFilter" Bool="false"/>
        <Annotation Term="Core.Immutable" Bool="true"/>
        <Annotation Term="Core.Computed" Bool="true"/>
        <Annotation Term="Common.Label" String="Angelegt am"/>
      </Annotations>
      <Annotations Target="AdminService.Orders/createdBy">
        <Annotation Term="UI.HiddenFilter" Bool="false"/>
        <Annotation Term="Core.Immutable" Bool="true"/>
        <Annotation Term="Core.Computed" Bool="true"/>
        <Annotation Term="Core.Description" String="Die eindeutige ID eines Benutzers"/>
        <Annotation Term="Common.Label" String="Angelegt von"/>
      </Annotations>
      <Annotations Target="AdminService.Orders/modifiedAt">
        <Annotation Term="UI.HiddenFilter" Bool="true"/>
        <Annotation Term="Core.Computed" Bool="true"/>
        <Annotation Term="Common.Label" String="Geändert am"/>
      </Annotations>
      <Annotations Target="AdminService.Orders/modifiedBy">
        <Annotation Term="UI.HiddenFilter" Bool="true"/>
        <Annotation Term="Core.Computed" Bool="true"/>
        <Annotation Term="Core.Description" String="Die eindeutige ID eines Benutzers"/>
        <Annotation Term="Common.Label" String="Geändert von"/>
      </Annotations>
      <Annotations Target="AdminService.Orders/OrderNo">
        <Annotation Term="Common.Label" String="Bestellungsnummer"/>
        <Annotation Term="Common.FieldControl" EnumMember="Common.FieldControlType/Mandatory"/>
      </Annotations>
      <Annotations Target="AdminService.Orders/buyer">
        <Annotation Term="Common.Label" String="Benutzer-ID"/>
        <Annotation Term="Core.Description" String="Die eindeutige ID eines Benutzers"/>
      </Annotations>
      <Annotations Target="AdminService.Orders/total">
        <Annotation Term="Common.FieldControl" EnumMember="Common.FieldControlType/ReadOnly"/>
        <Annotation Term="Measures.ISOCurrency" Path="currency/code"/>
        <Annotation Term="Core.Computed" Bool="true"/>
      </Annotations>
      <Annotations Target="AdminService.Orders/currency">
        <Annotation Term="Common.Label" String="Währung"/>
        <Annotation Term="Core.Description" String="Währungscode gemäß ISO 4217"/>
      </Annotations>
      <Annotations Target="AdminService.Orders/currency_code">
        <Annotation Term="Common.Label" String="Währung"/>
        <Annotation Term="Common.ValueList">
          <Record Type="Common.ValueListType">
            <PropertyValue Property="Label" String="Währung"/>
            <PropertyValue Property="CollectionPath" String="Currencies"/>
            <PropertyValue Property="Parameters">
              <Collection>
                <Record Type="Common.ValueListParameterInOut">
                  <PropertyValue Property="LocalDataProperty" PropertyPath="currency_code"/>
                  <PropertyValue Property="ValueListProperty" String="code"/>
                </Record>
                <Record Type="Common.ValueListParameterDisplayOnly">
                  <PropertyValue Property="ValueListProperty" String="name"/>
                </Record>
              </Collection>
            </PropertyValue>
          </Record>
        </Annotation>
        <Annotation Term="Core.Description" String="Währungscode gemäß ISO 4217"/>
      </Annotations>
      <Annotations Target="AdminService.Orders/shippingAddress_ID">
        <Annotation Term="Common.FieldControl" EnumMember="Common.FieldControlType/Mandatory"/>
        <Annotation Term="Common.ValueList">
          <Record Type="Common.ValueListType">
            <PropertyValue Property="CollectionPath" String="Addresses"/>
            <PropertyValue Property="Label" String="Addresses"/>
            <PropertyValue Property="SearchSupported" Bool="true"/>
            <PropertyValue Property="Parameters">
              <Collection>
                <Record Type="Common.ValueListParameterOut">
                  <PropertyValue Property="LocalDataProperty" PropertyPath="shippingAddress_ID"/>
                  <PropertyValue Property="ValueListProperty" String="ID"/>
                </Record>
                <Record Type="Common.ValueListParameterOut">
                  <PropertyValue Property="LocalDataProperty" PropertyPath="shippingAddress_businessPartner"/>
                  <PropertyValue Property="ValueListProperty" String="businessPartner"/>
                </Record>
                <Record Type="Common.ValueListParameterDisplayOnly">
                  <PropertyValue Property="ValueListProperty" String="postalCode"/>
                </Record>
                <Record Type="Common.ValueListParameterDisplayOnly">
                  <PropertyValue Property="ValueListProperty" String="city"/>
                </Record>
                <Record Type="Common.ValueListParameterDisplayOnly">
                  <PropertyValue Property="ValueListProperty" String="country"/>
                </Record>
                <Record Type="Common.ValueListParameterDisplayOnly">
                  <PropertyValue Property="ValueListProperty" String="street"/>
                </Record>
                <Record Type="Common.ValueListParameterDisplayOnly">
                  <PropertyValue Property="ValueListProperty" String="houseNumber"/>
                </Record>
              </Collection>
            </PropertyValue>
          </Record>
        </Annotation>
      </Annotations>
      <Annotations Target="AdminService.Orders/shippingAddress_businessPartner">
        <Annotation Term="Common.FieldControl" EnumMember="Common.FieldControlType/Mandatory"/>
        <Annotation Term="Common.ValueList">
          <Record Type="Common.ValueListType">
            <PropertyValue Property="CollectionPath" String="Addresses"/>
            <PropertyValue Property="Label" String="Addresses"/>
            <PropertyValue Property="SearchSupported" Bool="true"/>
            <PropertyValue Property="Parameters">
              <Collection>
                <Record Type="Common.ValueListParameterOut">
                  <PropertyValue Property="LocalDataProperty" PropertyPath="shippingAddress_ID"/>
                  <PropertyValue Property="ValueListProperty" String="ID"/>
                </Record>
                <Record Type="Common.ValueListParameterOut">
                  <PropertyValue Property="LocalDataProperty" PropertyPath="shippingAddress_businessPartner"/>
                  <PropertyValue Property="ValueListProperty" String="businessPartner"/>
                </Record>
                <Record Type="Common.ValueListParameterDisplayOnly">
                  <PropertyValue Property="ValueListProperty" String="postalCode"/>
                </Record>
                <Record Type="Common.ValueListParameterDisplayOnly">
                  <PropertyValue Property="ValueListProperty" String="city"/>
                </Record>
                <Record Type="Common.ValueListParameterDisplayOnly">
                  <PropertyValue Property="ValueListProperty" String="country"/>
                </Record>
                <Record Type="Common.ValueListParameterDisplayOnly">
                  <PropertyValue Property="ValueListProperty" String="street"/>
                </Record>
                <Record Type="Common.ValueListParameterDisplayOnly">
                  <PropertyValue Property="ValueListProperty" String="houseNumber"/>
                </Record>
              </Collection>
            </PropertyValue>
          </Record>
        </Annotation>
      </Annotations>
      <Annotations Target="AdminService.Orders/IsActiveEntity">
        <Annotation Term="UI.Hidden" Bool="true"/>
      </Annotations>
      <Annotations Target="AdminService.Orders/HasActiveEntity">
        <Annotation Term="UI.Hidden" Bool="true"/>
      </Annotations>
      <Annotations Target="AdminService.Orders/HasDraftEntity">
        <Annotation Term="UI.Hidden" Bool="true"/>
      </Annotations>
      <Annotations Target="AdminService.Orders/DraftAdministrativeData">
        <Annotation Term="UI.Hidden" Bool="true"/>
      </Annotations>
      <Annotations Target="AdminService.Upload/csv">
        <Annotation Term="Core.MediaType" String="text/csv"/>
      </Annotations>
      <Annotations Target="AdminService.Languages">
        <Annotation Term="UI.Identification">
          <Collection>
            <Record Type="UI.DataField">
              <PropertyValue Property="Value" Path="name"/>
            </Record>
          </Collection>
        </Annotation>
      </Annotations>
      <Annotations Target="AdminService.Languages/name">
        <Annotation Term="Common.Label" String="Name"/>
      </Annotations>
      <Annotations Target="AdminService.Languages/descr">
        <Annotation Term="Common.Label" String="Beschreibung"/>
      </Annotations>
      <Annotations Target="AdminService.Languages/code">
        <Annotation Term="Common.Text" Path="name"/>
        <Annotation Term="Common.Label" String="Sprachencode"/>
      </Annotations>
      <Annotations Target="AdminService.Genres">
        <Annotation Term="Common.SemanticKey">
          <Collection>
            <PropertyPath>name</PropertyPath>
          </Collection>
        </Annotation>
        <Annotation Term="UI.SelectionFields">
          <Collection>
            <PropertyPath>name</PropertyPath>
          </Collection>
        </Annotation>
        <Annotation Term="UI.LineItem">
          <Collection>
            <Record Type="UI.DataField">
              <PropertyValue Property="Value" Path="name"/>
            </Record>
            <Record Type="UI.DataField">
              <PropertyValue Property="Value" Path="parent/name"/>
              <PropertyValue Property="Label" String="Main Genre"/>
            </Record>
          </Collection>
        </Annotation>
        <Annotation Term="UI.Identification">
          <Collection>
            <Record Type="UI.DataField">
              <PropertyValue Property="Value" Path="name"/>
            </Record>
          </Collection>
        </Annotation>
        <Annotation Term="UI.HeaderInfo">
          <Record Type="UI.HeaderInfoType">
            <PropertyValue Property="TypeName" String="Genre"/>
            <PropertyValue Property="TypeNamePlural" String="Genre"/>
            <PropertyValue Property="Title">
              <Record Type="UI.DataField">
                <PropertyValue Property="Value" Path="name"/>
              </Record>
            </PropertyValue>
            <PropertyValue Property="Description">
              <Record Type="UI.DataField">
                <PropertyValue Property="Value" Path="ID"/>
              </Record>
            </PropertyValue>
          </Record>
        </Annotation>
        <Annotation Term="UI.Facets">
          <Collection>
            <Record Type="UI.ReferenceFacet">
              <PropertyValue Property="Label" String="SubGenres"/>
              <PropertyValue Property="Target" AnnotationPath="children/@UI.LineItem"/>
            </Record>
          </Collection>
        </Annotation>
        <Annotation Term="Core.Description" String="Hierarchically organized Code List for Genres"/>
      </Annotations>
      <Annotations Target="AdminService.Genres/name">
        <Annotation Term="Common.Label" String="Genre"/>
      </Annotations>
      <Annotations Target="AdminService.Genres/descr">
        <Annotation Term="Common.Label" String="Beschreibung"/>
      </Annotations>
      <Annotations Target="AdminService.Genres/ID">
        <Annotation Term="Common.Label" String="ID"/>
      </Annotations>
      <Annotations Target="AdminService.Genres/parent_ID">
        <Annotation Term="Common.ValueList">
          <Record Type="Common.ValueListType">
            <PropertyValue Property="Label" String="Genres"/>
            <PropertyValue Property="CollectionPath" String="Genres"/>
            <PropertyValue Property="Parameters">
              <Collection>
                <Record Type="Common.ValueListParameterInOut">
                  <PropertyValue Property="LocalDataProperty" PropertyPath="parent_ID"/>
                  <PropertyValue Property="ValueListProperty" String="ID"/>
                </Record>
                <Record Type="Common.ValueListParameterDisplayOnly">
                  <PropertyValue Property="ValueListProperty" String="name"/>
                </Record>
              </Collection>
            </PropertyValue>
          </Record>
        </Annotation>
      </Annotations>
      <Annotations Target="AdminService.Currencies">
        <Annotation Term="UI.Identification">
          <Collection>
            <Record Type="UI.DataField">
              <PropertyValue Property="Value" Path="name"/>
            </Record>
          </Collection>
        </Annotation>
      </Annotations>
      <Annotations Target="AdminService.Currencies/name">
        <Annotation Term="Common.Label" String="Name"/>
      </Annotations>
      <Annotations Target="AdminService.Currencies/descr">
        <Annotation Term="Common.Label" String="Beschreibung"/>
      </Annotations>
      <Annotations Target="AdminService.Currencies/code">
        <Annotation Term="Common.Text" Path="name"/>
        <Annotation Term="Common.Label" String="Währungscode"/>
      </Annotations>
      <Annotations Target="AdminService.Currencies/symbol">
        <Annotation Term="Common.Label" String="Währungssymbol"/>
      </Annotations>
      <Annotations Target="AdminService.OrderItems">
        <Annotation Term="UI.HeaderInfo">
          <Record Type="UI.HeaderInfoType">
            <PropertyValue Property="TypeName" String="Bestellungseintrag"/>
            <PropertyValue Property="TypeNamePlural" String="Bestellungseinträge"/>
            <PropertyValue Property="Title">
              <Record Type="UI.DataField">
                <PropertyValue Property="Value" Path="book/title"/>
              </Record>
            </PropertyValue>
            <PropertyValue Property="Description">
              <Record Type="UI.DataField">
                <PropertyValue Property="Value" Path="book/descr"/>
              </Record>
            </PropertyValue>
          </Record>
        </Annotation>
        <Annotation Term="UI.SelectionFields">
          <Collection>
            <PropertyPath>book_ID</PropertyPath>
          </Collection>
        </Annotation>
        <Annotation Term="UI.LineItem">
          <Collection>
            <Record Type="UI.DataField">
              <PropertyValue Property="Value" Path="book_ID"/>
              <PropertyValue Property="Label" String="Bücher"/>
            </Record>
            <Record Type="UI.DataField">
              <PropertyValue Property="Value" Path="book/price"/>
              <PropertyValue Property="Label" String="Buchpreis"/>
            </Record>
            <Record Type="UI.DataField">
              <PropertyValue Property="Value" Path="quantity"/>
              <PropertyValue Property="Label" String="Menge"/>
            </Record>
            <Record Type="UI.DataField">
              <PropertyValue Property="Value" Path="amount"/>
              <PropertyValue Property="Label" String="Wert"/>
            </Record>
          </Collection>
        </Annotation>
        <Annotation Term="UI.Identification">
          <Collection>
            <Record Type="UI.DataField">
              <PropertyValue Property="Value" Path="book_ID"/>
              <PropertyValue Property="Label" String="Buch"/>
            </Record>
            <Record Type="UI.DataField">
              <PropertyValue Property="Value" Path="quantity"/>
              <PropertyValue Property="Label" String="Menge"/>
            </Record>
            <Record Type="UI.DataField">
              <PropertyValue Property="Value" Path="amount"/>
              <PropertyValue Property="Label" String="Wert"/>
            </Record>
          </Collection>
        </Annotation>
        <Annotation Term="UI.Facets">
          <Collection>
            <Record Type="UI.ReferenceFacet">
              <PropertyValue Property="Label" String="Bestellungseintrag"/>
              <PropertyValue Property="Target" AnnotationPath="@UI.Identification"/>
            </Record>
          </Collection>
        </Annotation>
        <Annotation Term="Common.SideEffects" Qualifier="AmountChanges">
          <Record Type="Common.SideEffectsType">
            <PropertyValue Property="SourceProperties">
              <Collection>
                <PropertyPath>quantity</PropertyPath>
              </Collection>
            </PropertyValue>
            <PropertyValue Property="TargetProperties">
              <Collection>
                <String>Amount</String>
              </Collection>
            </PropertyValue>
          </Record>
        </Annotation>
        <Annotation Term="Common.SideEffects" Qualifier="BookChanges">
          <Record Type="Common.SideEffectsType">
            <PropertyValue Property="SourceProperties">
              <Collection>
                <PropertyPath>book_ID</PropertyPath>
              </Collection>
            </PropertyValue>
            <PropertyValue Property="TargetEntities">
              <Collection>
                <NavigationPropertyPath>book</NavigationPropertyPath>
              </Collection>
            </PropertyValue>
            <PropertyValue Property="TargetProperties">
              <Collection>
                <String>Amount</String>
              </Collection>
            </PropertyValue>
          </Record>
        </Annotation>
      </Annotations>
      <Annotations Target="AdminService.EntityContainer/OrderItems">
        <Annotation Term="Common.SideEffects" Qualifier="AmountChanges">
          <Record Type="Common.SideEffectsType">
            <PropertyValue Property="SourceProperties">
              <Collection>
                <PropertyPath>quantity</PropertyPath>
              </Collection>
            </PropertyValue>
            <PropertyValue Property="TargetProperties">
              <Collection>
                <String>Amount</String>
              </Collection>
            </PropertyValue>
          </Record>
        </Annotation>
        <Annotation Term="Common.SideEffects" Qualifier="BookChanges">
          <Record Type="Common.SideEffectsType">
            <PropertyValue Property="SourceProperties">
              <Collection>
                <PropertyPath>book_ID</PropertyPath>
              </Collection>
            </PropertyValue>
            <PropertyValue Property="TargetEntities">
              <Collection>
                <NavigationPropertyPath>book</NavigationPropertyPath>
              </Collection>
            </PropertyValue>
            <PropertyValue Property="TargetProperties">
              <Collection>
                <String>Amount</String>
              </Collection>
            </PropertyValue>
          </Record>
        </Annotation>
        <Annotation Term="Common.DraftNode">
          <Record Type="Common.DraftNodeType">
            <PropertyValue Property="PreparationAction" String="AdminService.draftPrepare"/>
          </Record>
        </Annotation>
      </Annotations>
      <Annotations Target="AdminService.OrderItems/ID">
        <Annotation Term="Core.Computed" Bool="true"/>
      </Annotations>
      <Annotations Target="AdminService.OrderItems/book_ID">
        <Annotation Term="Common.Text" Path="book/title"/>
        <Annotation Term="Common.FieldControl" EnumMember="Common.FieldControlType/Mandatory"/>
        <Annotation Term="Common.ValueList">
          <Record Type="Common.ValueListType">
            <PropertyValue Property="Label" String="Books"/>
            <PropertyValue Property="CollectionPath" String="Books"/>
            <PropertyValue Property="Parameters">
              <Collection>
                <Record Type="Common.ValueListParameterInOut">
                  <PropertyValue Property="LocalDataProperty" PropertyPath="book_ID"/>
                  <PropertyValue Property="ValueListProperty" String="ID"/>
                </Record>
                <Record Type="Common.ValueListParameterDisplayOnly">
                  <PropertyValue Property="ValueListProperty" String="title"/>
                </Record>
              </Collection>
            </PropertyValue>
          </Record>
        </Annotation>
      </Annotations>
      <Annotations Target="AdminService.OrderItems/quantity">
        <Annotation Term="Common.FieldControl" EnumMember="Common.FieldControlType/Mandatory"/>
      </Annotations>
      <Annotations Target="AdminService.OrderItems/IsActiveEntity">
        <Annotation Term="UI.Hidden" Bool="true"/>
      </Annotations>
      <Annotations Target="AdminService.OrderItems/HasActiveEntity">
        <Annotation Term="UI.Hidden" Bool="true"/>
      </Annotations>
      <Annotations Target="AdminService.OrderItems/HasDraftEntity">
        <Annotation Term="UI.Hidden" Bool="true"/>
      </Annotations>
      <Annotations Target="AdminService.OrderItems/DraftAdministrativeData">
        <Annotation Term="UI.Hidden" Bool="true"/>
      </Annotations>
      <Annotations Target="AdminService.Addresses">
        <Annotation Term="Core.Description" String="Simplified view on external addresses, which in addition acts as a table to store replicated external address data."/>
      </Annotations>
      <Annotations Target="AdminService.Addresses/country">
        <Annotation Term="Core.Computed" Bool="true"/>
      </Annotations>
      <Annotations Target="AdminService.Addresses/city">
        <Annotation Term="Core.Computed" Bool="true"/>
      </Annotations>
      <Annotations Target="AdminService.Addresses/postalCode">
        <Annotation Term="Core.Computed" Bool="true"/>
      </Annotations>
      <Annotations Target="AdminService.Addresses/street">
        <Annotation Term="Core.Computed" Bool="true"/>
      </Annotations>
      <Annotations Target="AdminService.Addresses/houseNumber">
        <Annotation Term="Core.Computed" Bool="true"/>
      </Annotations>
      <Annotations Target="AdminService.Addresses/tombstone">
        <Annotation Term="Core.Computed" Bool="true"/>
      </Annotations>
      <Annotations Target="AdminService.DraftAdministrativeData">
        <Annotation Term="Common.Label" String="Verwaltungsdaten des Entwurfs"/>
      </Annotations>
      <Annotations Target="AdminService.DraftAdministrativeData/DraftUUID">
        <Annotation Term="UI.Hidden" Bool="true"/>
        <Annotation Term="Common.Label" String="Entwurf (technische ID)"/>
      </Annotations>
      <Annotations Target="AdminService.DraftAdministrativeData/CreationDateTime">
        <Annotation Term="Common.Label" String="Entwurf angelegt am"/>
      </Annotations>
      <Annotations Target="AdminService.DraftAdministrativeData/CreatedByUser">
        <Annotation Term="Common.Label" String="Entwurf angelegt von"/>
      </Annotations>
      <Annotations Target="AdminService.DraftAdministrativeData/DraftIsCreatedByMe">
        <Annotation Term="UI.Hidden" Bool="true"/>
        <Annotation Term="Common.Label" String="Entwurf angelegt von mir"/>
      </Annotations>
      <Annotations Target="AdminService.DraftAdministrativeData/LastChangeDateTime">
        <Annotation Term="Common.Label" String="Entwurf zuletzt geändert am"/>
      </Annotations>
      <Annotations Target="AdminService.DraftAdministrativeData/LastChangedByUser">
        <Annotation Term="Common.Label" String="Entwurf zuletzt geändert von"/>
      </Annotations>
      <Annotations Target="AdminService.DraftAdministrativeData/InProcessByUser">
        <Annotation Term="Common.Label" String="Entwurf in Bearbeitung durch"/>
      </Annotations>
      <Annotations Target="AdminService.DraftAdministrativeData/DraftIsProcessedByMe">
        <Annotation Term="UI.Hidden" Bool="true"/>
        <Annotation Term="Common.Label" String="Entwurf in Bearbeitung durch mich"/>
      </Annotations>
      <Annotations Target="AdminService.Books_texts">
        <Annotation Term="UI.Identification">
          <Collection>
            <Record Type="UI.DataField">
              <PropertyValue Property="Value" Path="title"/>
            </Record>
          </Collection>
        </Annotation>
        <Annotation Term="UI.SelectionFields">
          <Collection>
            <PropertyPath>locale</PropertyPath>
            <PropertyPath>title</PropertyPath>
          </Collection>
        </Annotation>
        <Annotation Term="UI.LineItem">
          <Collection>
            <Record Type="UI.DataField">
              <PropertyValue Property="Value" Path="locale"/>
              <PropertyValue Property="Label" String="Locale"/>
            </Record>
            <Record Type="UI.DataField">
              <PropertyValue Property="Value" Path="title"/>
              <PropertyValue Property="Label" String="Title"/>
            </Record>
            <Record Type="UI.DataField">
              <PropertyValue Property="Value" Path="descr"/>
              <PropertyValue Property="Label" String="Description"/>
            </Record>
          </Collection>
        </Annotation>
      </Annotations>
      <Annotations Target="AdminService.EntityContainer/Books_texts">
        <Annotation Term="Common.DraftNode">
          <Record Type="Common.DraftNodeType">
            <PropertyValue Property="PreparationAction" String="AdminService.draftPrepare"/>
          </Record>
        </Annotation>
      </Annotations>
      <Annotations Target="AdminService.Books_texts/locale">
        <Annotation Term="Common.ValueList">
          <Record Type="Common.ValueListType">
            <PropertyValue Property="Label" String="Languages"/>
            <PropertyValue Property="CollectionPath" String="Languages"/>
            <PropertyValue Property="Parameters">
              <Collection>
                <Record Type="Common.ValueListParameterInOut">
                  <PropertyValue Property="LocalDataProperty" PropertyPath="locale"/>
                  <PropertyValue Property="ValueListProperty" String="code"/>
                </Record>
                <Record Type="Common.ValueListParameterDisplayOnly">
                  <PropertyValue Property="ValueListProperty" String="name"/>
                </Record>
              </Collection>
            </PropertyValue>
          </Record>
        </Annotation>
      </Annotations>
      <Annotations Target="AdminService.Books_texts/ID">
        <Annotation Term="UI.HiddenFilter" Bool="true"/>
        <Annotation Term="Core.Computed" Bool="true"/>
        <Annotation Term="Common.Label" String="ID"/>
      </Annotations>
      <Annotations Target="AdminService.Books_texts/title">
        <Annotation Term="Common.Label" String="Titel"/>
      </Annotations>
      <Annotations Target="AdminService.Books_texts/descr">
        <Annotation Term="UI.MultiLineText" Bool="true"/>
        <Annotation Term="Common.Label" String="Beschreibung"/>
      </Annotations>
      <Annotations Target="AdminService.Books_texts/IsActiveEntity">
        <Annotation Term="UI.Hidden" Bool="true"/>
      </Annotations>
      <Annotations Target="AdminService.Books_texts/HasActiveEntity">
        <Annotation Term="UI.Hidden" Bool="true"/>
      </Annotations>
      <Annotations Target="AdminService.Books_texts/HasDraftEntity">
        <Annotation Term="UI.Hidden" Bool="true"/>
      </Annotations>
      <Annotations Target="AdminService.Books_texts/DraftAdministrativeData">
        <Annotation Term="UI.Hidden" Bool="true"/>
      </Annotations>
      <Annotations Target="AdminService.Languages_texts/name">
        <Annotation Term="Common.Label" String="Name"/>
      </Annotations>
      <Annotations Target="AdminService.Languages_texts/descr">
        <Annotation Term="Common.Label" String="Beschreibung"/>
      </Annotations>
      <Annotations Target="AdminService.Languages_texts/code">
        <Annotation Term="Common.Text" Path="name"/>
        <Annotation Term="Common.Label" String="Sprachencode"/>
      </Annotations>
      <Annotations Target="AdminService.Genres_texts/name">
        <Annotation Term="Common.Label" String="Genre"/>
      </Annotations>
      <Annotations Target="AdminService.Genres_texts/descr">
        <Annotation Term="Common.Label" String="Beschreibung"/>
      </Annotations>
      <Annotations Target="AdminService.Genres_texts/ID">
        <Annotation Term="Common.Label" String="ID"/>
      </Annotations>
      <Annotations Target="AdminService.Currencies_texts/name">
        <Annotation Term="Common.Label" String="Name"/>
      </Annotations>
      <Annotations Target="AdminService.Currencies_texts/descr">
        <Annotation Term="Common.Label" String="Beschreibung"/>
      </Annotations>
      <Annotations Target="AdminService.Currencies_texts/code">
        <Annotation Term="Common.Text" Path="name"/>
        <Annotation Term="Common.Label" String="Währungscode"/>
      </Annotations>
    </Schema>
  </edmx:DataServices>
</edmx:Edmx>