<?xml version="1.0" encoding="utf-8"?>
<edmx:Edmx Version="4.0" xmlns:edmx="http://docs.oasis-open.org/odata/ns/edmx">
  <edmx:Reference Uri="https://oasis-tcs.github.io/odata-vocabularies/vocabularies/Org.OData.Core.V1.xml">
    <edmx:Include Alias="Core" Namespace="Org.OData.Core.V1"/>
  </edmx:Reference>
  <edmx:DataServices>
    <Schema Namespace="API_BUSINESS_PARTNER" xmlns="http://docs.oasis-open.org/odata/ns/edm">
      <EntityContainer Name="EntityContainer">
        <EntitySet Name="A_AddressEmailAddress" EntityType="API_BUSINESS_PARTNER.A_AddressEmailAddress"/>
        <EntitySet Name="A_AddressFaxNumber" EntityType="API_BUSINESS_PARTNER.A_AddressFaxNumber"/>
        <EntitySet Name="A_AddressHomePageURL" EntityType="API_BUSINESS_PARTNER.A_AddressHomePageURL"/>
        <EntitySet Name="A_AddressPhoneNumber" EntityType="API_BUSINESS_PARTNER.A_AddressPhoneNumber"/>
        <EntitySet Name="A_BPContactToAddress" EntityType="API_BUSINESS_PARTNER.A_BPContactToAddress">
          <NavigationPropertyBinding Path="to_EmailAddress" Target="A_AddressEmailAddress"/>
          <NavigationPropertyBinding Path="to_FaxNumber" Target="A_AddressFaxNumber"/>
          <NavigationPropertyBinding Path="to_MobilePhoneNumber" Target="A_AddressPhoneNumber"/>
          <NavigationPropertyBinding Path="to_PhoneNumber" Target="A_AddressPhoneNumber"/>
          <NavigationPropertyBinding Path="to_URLAddress" Target="A_AddressHomePageURL"/>
        </EntitySet>
        <EntitySet Name="A_BPContactToFuncAndDept" EntityType="API_BUSINESS_PARTNER.A_BPContactToFuncAndDept"/>
        <EntitySet Name="A_BuPaAddressUsage" EntityType="API_BUSINESS_PARTNER.A_BuPaAddressUsage"/>
        <EntitySet Name="A_BuPaIdentification" EntityType="API_BUSINESS_PARTNER.A_BuPaIdentification"/>
        <EntitySet Name="A_BuPaIndustry" EntityType="API_BUSINESS_PARTNER.A_BuPaIndustry"/>
        <EntitySet Name="A_BusinessPartner" EntityType="API_BUSINESS_PARTNER.A_BusinessPartner">
          <NavigationPropertyBinding Path="to_BuPaIdentification" Target="A_BuPaIdentification"/>
          <NavigationPropertyBinding Path="to_BuPaIndustry" Target="A_BuPaIndustry"/>
          <NavigationPropertyBinding Path="to_BusinessPartnerAddress" Target="A_BusinessPartnerAddress"/>
          <NavigationPropertyBinding Path="to_BusinessPartnerBank" Target="A_BusinessPartnerBank"/>
          <NavigationPropertyBinding Path="to_BusinessPartnerContact" Target="A_BusinessPartnerContact"/>
          <NavigationPropertyBinding Path="to_BusinessPartnerRole" Target="A_BusinessPartnerRole"/>
          <NavigationPropertyBinding Path="to_BusinessPartnerTax" Target="A_BusinessPartnerTaxNumber"/>
          <NavigationPropertyBinding Path="to_Customer" Target="A_Customer"/>
          <NavigationPropertyBinding Path="to_Supplier" Target="A_Supplier"/>
        </EntitySet>
        <EntitySet Name="A_BusinessPartnerAddress" EntityType="API_BUSINESS_PARTNER.A_BusinessPartnerAddress">
          <NavigationPropertyBinding Path="to_AddressUsage" Target="A_BuPaAddressUsage"/>
          <NavigationPropertyBinding Path="to_EmailAddress" Target="A_AddressEmailAddress"/>
          <NavigationPropertyBinding Path="to_FaxNumber" Target="A_AddressFaxNumber"/>
          <NavigationPropertyBinding Path="to_MobilePhoneNumber" Target="A_AddressPhoneNumber"/>
          <NavigationPropertyBinding Path="to_PhoneNumber" Target="A_AddressPhoneNumber"/>
          <NavigationPropertyBinding Path="to_URLAddress" Target="A_AddressHomePageURL"/>
        </EntitySet>
        <EntitySet Name="A_BusinessPartnerBank" EntityType="API_BUSINESS_PARTNER.A_BusinessPartnerBank"/>
        <EntitySet Name="A_BusinessPartnerContact" EntityType="API_BUSINESS_PARTNER.A_BusinessPartnerContact">
          <NavigationPropertyBinding Path="to_ContactAddress" Target="A_BPContactToAddress"/>
          <NavigationPropertyBinding Path="to_ContactRelationship" Target="A_BPContactToFuncAndDept"/>
        </EntitySet>
        <EntitySet Name="A_BusinessPartnerRole" EntityType="API_BUSINESS_PARTNER.A_BusinessPartnerRole"/>
        <EntitySet Name="A_BusinessPartnerTaxNumber" EntityType="API_BUSINESS_PARTNER.A_BusinessPartnerTaxNumber"/>
        <EntitySet Name="A_Customer" EntityType="API_BUSINESS_PARTNER.A_Customer">
          <NavigationPropertyBinding Path="to_CustomerCompany" Target="A_CustomerCompany"/>
          <NavigationPropertyBinding Path="to_CustomerSalesArea" Target="A_CustomerSalesArea"/>
        </EntitySet>
        <EntitySet Name="A_CustomerCompany" EntityType="API_BUSINESS_PARTNER.A_CustomerCompany">
          <NavigationPropertyBinding Path="to_CustomerDunning" Target="A_CustomerDunning"/>
          <NavigationPropertyBinding Path="to_WithHoldingTax" Target="A_CustomerWithHoldingTax"/>
        </EntitySet>
        <EntitySet Name="A_CustomerDunning" EntityType="API_BUSINESS_PARTNER.A_CustomerDunning"/>
        <EntitySet Name="A_CustomerSalesArea" EntityType="API_BUSINESS_PARTNER.A_CustomerSalesArea">
          <NavigationPropertyBinding Path="to_PartnerFunction" Target="A_CustSalesPartnerFunc"/>
          <NavigationPropertyBinding Path="to_SalesAreaTax" Target="A_CustomerSalesAreaTax"/>
        </EntitySet>
        <EntitySet Name="A_CustomerSalesAreaTax" EntityType="API_BUSINESS_PARTNER.A_CustomerSalesAreaTax"/>
        <EntitySet Name="A_CustomerWithHoldingTax" EntityType="API_BUSINESS_PARTNER.A_CustomerWithHoldingTax"/>
        <EntitySet Name="A_CustSalesPartnerFunc" EntityType="API_BUSINESS_PARTNER.A_CustSalesPartnerFunc"/>
        <EntitySet Name="A_Supplier" EntityType="API_BUSINESS_PARTNER.A_Supplier">
          <NavigationPropertyBinding Path="to_SupplierCompany" Target="A_SupplierCompany"/>
          <NavigationPropertyBinding Path="to_SupplierPurchasingOrg" Target="A_SupplierPurchasingOrg"/>
        </EntitySet>
        <EntitySet Name="A_SupplierCompany" EntityType="API_BUSINESS_PARTNER.A_SupplierCompany">
          <NavigationPropertyBinding Path="to_SupplierDunning" Target="A_SupplierDunning"/>
          <NavigationPropertyBinding Path="to_SupplierWithHoldingTax" Target="A_SupplierWithHoldingTax"/>
        </EntitySet>
        <EntitySet Name="A_SupplierDunning" EntityType="API_BUSINESS_PARTNER.A_SupplierDunning"/>
        <EntitySet Name="A_SupplierPartnerFunc" EntityType="API_BUSINESS_PARTNER.A_SupplierPartnerFunc"/>
        <EntitySet Name="A_SupplierPurchasingOrg" EntityType="API_BUSINESS_PARTNER.A_SupplierPurchasingOrg">
          <NavigationPropertyBinding Path="to_PartnerFunction" Target="A_SupplierPartnerFunc"/>
        </EntitySet>
        <EntitySet Name="A_SupplierWithHoldingTax" EntityType="API_BUSINESS_PARTNER.A_SupplierWithHoldingTax"/>
      </EntityContainer>
      <EntityType Name="A_AddressEmailAddress">
        <Key>
          <PropertyRef Name="AddressID"/>
          <PropertyRef Name="Person"/>
          <PropertyRef Name="OrdinalNumber"/>
        </Key>
        <Property Name="AddressID" Type="Edm.String" MaxLength="10" Nullable="false"/>
        <Property Name="Person" Type="Edm.String" MaxLength="10" Nullable="false"/>
        <Property Name="OrdinalNumber" Type="Edm.String" MaxLength="3" Nullable="false"/>
        <Property Name="IsDefaultEmailAddress" Type="Edm.Boolean"/>
        <Property Name="EmailAddress" Type="Edm.String" MaxLength="241"/>
        <Property Name="SearchEmailAddress" Type="Edm.String" MaxLength="20"/>
        <Property Name="AddressCommunicationRemarkText" Type="Edm.String" MaxLength="50"/>
      </EntityType>
      <EntityType Name="A_AddressFaxNumber">
        <Key>
          <PropertyRef Name="AddressID"/>
          <PropertyRef Name="Person"/>
          <PropertyRef Name="OrdinalNumber"/>
        </Key>
        <Property Name="AddressID" Type="Edm.String" MaxLength="10" Nullable="false"/>
        <Property Name="Person" Type="Edm.String" MaxLength="10" Nullable="false"/>
        <Property Name="OrdinalNumber" Type="Edm.String" MaxLength="3" Nullable="false"/>
        <Property Name="IsDefaultFaxNumber" Type="Edm.Boolean"/>
        <Property Name="FaxCountry" Type="Edm.String" MaxLength="3"/>
        <Property Name="FaxNumber" Type="Edm.String" MaxLength="30"/>
        <Property Name="FaxNumberExtension" Type="Edm.String" MaxLength="10"/>
        <Property Name="InternationalFaxNumber" Type="Edm.String" MaxLength="30"/>
        <Property Name="AddressCommunicationRemarkText" Type="Edm.String" MaxLength="50"/>
      </EntityType>
      <EntityType Name="A_AddressHomePageURL">
        <Key>
          <PropertyRef Name="AddressID"/>
          <PropertyRef Name="Person"/>
          <PropertyRef Name="OrdinalNumber"/>
          <PropertyRef Name="ValidityStartDate"/>
          <PropertyRef Name="IsDefaultURLAddress"/>
        </Key>
        <Property Name="AddressID" Type="Edm.String" MaxLength="10" Nullable="false"/>
        <Property Name="Person" Type="Edm.String" MaxLength="10" Nullable="false"/>
        <Property Name="OrdinalNumber" Type="Edm.String" MaxLength="3" Nullable="false"/>
        <Property Name="ValidityStartDate" Type="Edm.Date" Nullable="false"/>
        <Property Name="IsDefaultURLAddress" Type="Edm.Boolean" Nullable="false"/>
        <Property Name="SearchURLAddress" Type="Edm.String" MaxLength="50"/>
        <Property Name="AddressCommunicationRemarkText" Type="Edm.String" MaxLength="50"/>
        <Property Name="URLFieldLength" Type="Edm.Int32"/>
        <Property Name="WebsiteURL" Type="Edm.String" MaxLength="2048"/>
      </EntityType>
      <EntityType Name="A_AddressPhoneNumber">
        <Key>
          <PropertyRef Name="AddressID"/>
          <PropertyRef Name="Person"/>
          <PropertyRef Name="OrdinalNumber"/>
        </Key>
        <Property Name="AddressID" Type="Edm.String" MaxLength="10" Nullable="false"/>
        <Property Name="Person" Type="Edm.String" MaxLength="10" Nullable="false"/>
        <Property Name="OrdinalNumber" Type="Edm.String" MaxLength="3" Nullable="false"/>
        <Property Name="DestinationLocationCountry" Type="Edm.String" MaxLength="3"/>
        <Property Name="IsDefaultPhoneNumber" Type="Edm.Boolean"/>
        <Property Name="PhoneNumber" Type="Edm.String" MaxLength="30"/>
        <Property Name="PhoneNumberExtension" Type="Edm.String" MaxLength="10"/>
        <Property Name="InternationalPhoneNumber" Type="Edm.String" MaxLength="30"/>
        <Property Name="PhoneNumberType" Type="Edm.String" MaxLength="1"/>
        <Property Name="AddressCommunicationRemarkText" Type="Edm.String" MaxLength="50"/>
      </EntityType>
      <EntityType Name="A_BPContactToAddress">
        <Key>
          <PropertyRef Name="RelationshipNumber"/>
          <PropertyRef Name="BusinessPartnerCompany"/>
          <PropertyRef Name="BusinessPartnerPerson"/>
          <PropertyRef Name="ValidityEndDate"/>
          <PropertyRef Name="AddressID"/>
        </Key>
        <Property Name="RelationshipNumber" Type="Edm.String" MaxLength="12" Nullable="false"/>
        <Property Name="BusinessPartnerCompany" Type="Edm.String" MaxLength="10" Nullable="false"/>
        <Property Name="BusinessPartnerPerson" Type="Edm.String" MaxLength="10" Nullable="false"/>
        <Property Name="ValidityEndDate" Type="Edm.Date" Nullable="false"/>
        <Property Name="AddressID" Type="Edm.String" MaxLength="10" Nullable="false"/>
        <Property Name="AddressNumber" Type="Edm.String" MaxLength="10"/>
        <Property Name="AdditionalStreetPrefixName" Type="Edm.String" MaxLength="40"/>
        <Property Name="AdditionalStreetSuffixName" Type="Edm.String" MaxLength="40"/>
        <Property Name="AddressTimeZone" Type="Edm.String" MaxLength="6"/>
        <Property Name="CareOfName" Type="Edm.String" MaxLength="40"/>
        <Property Name="CityCode" Type="Edm.String" MaxLength="12"/>
        <Property Name="CityName" Type="Edm.String" MaxLength="40"/>
        <Property Name="CompanyPostalCode" Type="Edm.String" MaxLength="10"/>
        <Property Name="Country" Type="Edm.String" MaxLength="3"/>
        <Property Name="County" Type="Edm.String" MaxLength="40"/>
        <Property Name="DeliveryServiceNumber" Type="Edm.String" MaxLength="10"/>
        <Property Name="DeliveryServiceTypeCode" Type="Edm.String" MaxLength="4"/>
        <Property Name="District" Type="Edm.String" MaxLength="40"/>
        <Property Name="FormOfAddress" Type="Edm.String" MaxLength="4"/>
        <Property Name="FullName" Type="Edm.String" MaxLength="80"/>
        <Property Name="HomeCityName" Type="Edm.String" MaxLength="40"/>
        <Property Name="HouseNumber" Type="Edm.String" MaxLength="10"/>
        <Property Name="HouseNumberSupplementText" Type="Edm.String" MaxLength="10"/>
        <Property Name="Language" Type="Edm.String" MaxLength="2"/>
        <Property Name="POBox" Type="Edm.String" MaxLength="10"/>
        <Property Name="POBoxDeviatingCityName" Type="Edm.String" MaxLength="40"/>
        <Property Name="POBoxDeviatingCountry" Type="Edm.String" MaxLength="3"/>
        <Property Name="POBoxDeviatingRegion" Type="Edm.String" MaxLength="3"/>
        <Property Name="POBoxIsWithoutNumber" Type="Edm.Boolean"/>
        <Property Name="POBoxLobbyName" Type="Edm.String" MaxLength="40"/>
        <Property Name="POBoxPostalCode" Type="Edm.String" MaxLength="10"/>
        <Property Name="Person" Type="Edm.String" MaxLength="10"/>
        <Property Name="PostalCode" Type="Edm.String" MaxLength="10"/>
        <Property Name="PrfrdCommMediumType" Type="Edm.String" MaxLength="3"/>
        <Property Name="Region" Type="Edm.String" MaxLength="3"/>
        <Property Name="StreetName" Type="Edm.String" MaxLength="60"/>
        <Property Name="StreetPrefixName" Type="Edm.String" MaxLength="40"/>
        <Property Name="StreetSuffixName" Type="Edm.String" MaxLength="40"/>
        <Property Name="TaxJurisdiction" Type="Edm.String" MaxLength="15"/>
        <Property Name="TransportZone" Type="Edm.String" MaxLength="10"/>
        <NavigationProperty Name="to_EmailAddress" Type="Collection(API_BUSINESS_PARTNER.A_AddressEmailAddress)"/>
        <Property Name="to_EmailAddress_AddressID" Type="Edm.String" MaxLength="10"/>
        <Property Name="to_EmailAddress_Person" Type="Edm.String" MaxLength="10"/>
        <Property Name="to_EmailAddress_OrdinalNumber" Type="Edm.String" MaxLength="3"/>
        <NavigationProperty Name="to_FaxNumber" Type="Collection(API_BUSINESS_PARTNER.A_AddressFaxNumber)"/>
        <Property Name="to_FaxNumber_AddressID" Type="Edm.String" MaxLength="10"/>
        <Property Name="to_FaxNumber_Person" Type="Edm.String" MaxLength="10"/>
        <Property Name="to_FaxNumber_OrdinalNumber" Type="Edm.String" MaxLength="3"/>
        <NavigationProperty Name="to_MobilePhoneNumber" Type="Collection(API_BUSINESS_PARTNER.A_AddressPhoneNumber)"/>
        <Property Name="to_MobilePhoneNumber_AddressID" Type="Edm.String" MaxLength="10"/>
        <Property Name="to_MobilePhoneNumber_Person" Type="Edm.String" MaxLength="10"/>
        <Property Name="to_MobilePhoneNumber_OrdinalNumber" Type="Edm.String" MaxLength="3"/>
        <NavigationProperty Name="to_PhoneNumber" Type="Collection(API_BUSINESS_PARTNER.A_AddressPhoneNumber)"/>
        <Property Name="to_PhoneNumber_AddressID" Type="Edm.String" MaxLength="10"/>
        <Property Name="to_PhoneNumber_Person" Type="Edm.String" MaxLength="10"/>
        <Property Name="to_PhoneNumber_OrdinalNumber" Type="Edm.String" MaxLength="3"/>
        <NavigationProperty Name="to_URLAddress" Type="Collection(API_BUSINESS_PARTNER.A_AddressHomePageURL)"/>
        <Property Name="to_URLAddress_AddressID" Type="Edm.String" MaxLength="10"/>
        <Property Name="to_URLAddress_Person" Type="Edm.String" MaxLength="10"/>
        <Property Name="to_URLAddress_OrdinalNumber" Type="Edm.String" MaxLength="3"/>
        <Property Name="to_URLAddress_ValidityStartDate" Type="Edm.Date"/>
        <Property Name="to_URLAddress_IsDefaultURLAddress" Type="Edm.Boolean"/>
      </EntityType>
      <EntityType Name="A_BPContactToFuncAndDept">
        <Key>
          <PropertyRef Name="RelationshipNumber"/>
          <PropertyRef Name="BusinessPartnerCompany"/>
          <PropertyRef Name="BusinessPartnerPerson"/>
          <PropertyRef Name="ValidityEndDate"/>
        </Key>
        <Property Name="RelationshipNumber" Type="Edm.String" MaxLength="12" Nullable="false"/>
        <Property Name="BusinessPartnerCompany" Type="Edm.String" MaxLength="10" Nullable="false"/>
        <Property Name="BusinessPartnerPerson" Type="Edm.String" MaxLength="10" Nullable="false"/>
        <Property Name="ValidityEndDate" Type="Edm.Date" Nullable="false"/>
        <Property Name="ContactPersonFunction" Type="Edm.String" MaxLength="4"/>
        <Property Name="ContactPersonDepartment" Type="Edm.String" MaxLength="4"/>
        <Property Name="PhoneNumber" Type="Edm.String" MaxLength="30"/>
        <Property Name="PhoneNumberExtension" Type="Edm.String" MaxLength="10"/>
        <Property Name="FaxNumber" Type="Edm.String" MaxLength="30"/>
        <Property Name="FaxNumberExtension" Type="Edm.String" MaxLength="10"/>
        <Property Name="EmailAddress" Type="Edm.String" MaxLength="241"/>
        <Property Name="RelationshipCategory" Type="Edm.String" MaxLength="6"/>
      </EntityType>
      <EntityType Name="A_BuPaAddressUsage">
        <Key>
          <PropertyRef Name="BusinessPartner"/>
          <PropertyRef Name="ValidityEndDate"/>
          <PropertyRef Name="AddressUsage"/>
          <PropertyRef Name="AddressID"/>
        </Key>
        <Property Name="BusinessPartner" Type="Edm.String" MaxLength="10" Nullable="false"/>
        <Property Name="ValidityEndDate" Type="Edm.DateTimeOffset" Precision="7" Nullable="false"/>
        <Property Name="AddressUsage" Type="Edm.String" MaxLength="10" Nullable="false"/>
        <Property Name="AddressID" Type="Edm.String" MaxLength="10" Nullable="false"/>
        <Property Name="ValidityStartDate" Type="Edm.DateTimeOffset" Precision="7"/>
        <Property Name="StandardUsage" Type="Edm.Boolean"/>
        <Property Name="AuthorizationGroup" Type="Edm.String" MaxLength="4"/>
      </EntityType>
      <EntityType Name="A_BuPaIdentification">
        <Key>
          <PropertyRef Name="BusinessPartner"/>
          <PropertyRef Name="BPIdentificationType"/>
          <PropertyRef Name="BPIdentificationNumber"/>
        </Key>
        <Property Name="BusinessPartner" Type="Edm.String" MaxLength="10" Nullable="false"/>
        <Property Name="BPIdentificationType" Type="Edm.String" MaxLength="6" Nullable="false"/>
        <Property Name="BPIdentificationNumber" Type="Edm.String" MaxLength="60" Nullable="false"/>
        <Property Name="BPIdnNmbrIssuingInstitute" Type="Edm.String" MaxLength="40"/>
        <Property Name="BPIdentificationEntryDate" Type="Edm.Date"/>
        <Property Name="Country" Type="Edm.String" MaxLength="3"/>
        <Property Name="Region" Type="Edm.String" MaxLength="3"/>
        <Property Name="ValidityStartDate" Type="Edm.Date"/>
        <Property Name="ValidityEndDate" Type="Edm.Date"/>
        <Property Name="AuthorizationGroup" Type="Edm.String" MaxLength="4"/>
      </EntityType>
      <EntityType Name="A_BuPaIndustry">
        <Key>
          <PropertyRef Name="IndustrySector"/>
          <PropertyRef Name="IndustrySystemType"/>
          <PropertyRef Name="BusinessPartner"/>
        </Key>
        <Property Name="IndustrySector" Type="Edm.String" MaxLength="10" Nullable="false"/>
        <Property Name="IndustrySystemType" Type="Edm.String" MaxLength="4" Nullable="false"/>
        <Property Name="BusinessPartner" Type="Edm.String" MaxLength="10" Nullable="false"/>
        <Property Name="IsStandardIndustry" Type="Edm.String" MaxLength="1"/>
        <Property Name="IndustryKeyDescription" Type="Edm.String" MaxLength="100"/>
      </EntityType>
      <EntityType Name="A_BusinessPartner">
        <Key>
          <PropertyRef Name="BusinessPartner"/>
        </Key>
        <Property Name="BusinessPartner" Type="Edm.String" MaxLength="10" Nullable="false"/>
        <Property Name="Customer" Type="Edm.String" MaxLength="10"/>
        <Property Name="Supplier" Type="Edm.String" MaxLength="10"/>
        <Property Name="AcademicTitle" Type="Edm.String" MaxLength="4"/>
        <Property Name="AuthorizationGroup" Type="Edm.String" MaxLength="4"/>
        <Property Name="BusinessPartnerCategory" Type="Edm.String" MaxLength="1"/>
        <Property Name="BusinessPartnerFullName" Type="Edm.String" MaxLength="81"/>
        <Property Name="BusinessPartnerGrouping" Type="Edm.String" MaxLength="4"/>
        <Property Name="BusinessPartnerName" Type="Edm.String" MaxLength="81"/>
        <Property Name="BusinessPartnerUUID" Type="Edm.Guid"/>
        <Property Name="CorrespondenceLanguage" Type="Edm.String" MaxLength="2"/>
        <Property Name="CreatedByUser" Type="Edm.String" MaxLength="12"/>
        <Property Name="CreationDate" Type="Edm.Date"/>
        <Property Name="CreationTime" Type="Edm.TimeOfDay"/>
        <Property Name="FirstName" Type="Edm.String" MaxLength="40"/>
        <Property Name="FormOfAddress" Type="Edm.String" MaxLength="4"/>
        <Property Name="Industry" Type="Edm.String" MaxLength="10"/>
        <Property Name="InternationalLocationNumber1" Type="Edm.String" MaxLength="7"/>
        <Property Name="InternationalLocationNumber2" Type="Edm.String" MaxLength="5"/>
        <Property Name="IsFemale" Type="Edm.Boolean"/>
        <Property Name="IsMale" Type="Edm.Boolean"/>
        <Property Name="IsNaturalPerson" Type="Edm.String" MaxLength="1"/>
        <Property Name="IsSexUnknown" Type="Edm.Boolean"/>
        <Property Name="GenderCodeName" Type="Edm.String" MaxLength="1"/>
        <Property Name="Language" Type="Edm.String" MaxLength="2"/>
        <Property Name="LastChangeDate" Type="Edm.Date"/>
        <Property Name="LastChangeTime" Type="Edm.TimeOfDay"/>
        <Property Name="LastChangedByUser" Type="Edm.String" MaxLength="12"/>
        <Property Name="LastName" Type="Edm.String" MaxLength="40"/>
        <Property Name="LegalForm" Type="Edm.String" MaxLength="2"/>
        <Property Name="OrganizationBPName1" Type="Edm.String" MaxLength="40"/>
        <Property Name="OrganizationBPName2" Type="Edm.String" MaxLength="40"/>
        <Property Name="OrganizationBPName3" Type="Edm.String" MaxLength="40"/>
        <Property Name="OrganizationBPName4" Type="Edm.String" MaxLength="40"/>
        <Property Name="OrganizationFoundationDate" Type="Edm.Date"/>
        <Property Name="OrganizationLiquidationDate" Type="Edm.Date"/>
        <Property Name="SearchTerm1" Type="Edm.String" MaxLength="20"/>
        <Property Name="SearchTerm2" Type="Edm.String" MaxLength="20"/>
        <Property Name="AdditionalLastName" Type="Edm.String" MaxLength="40"/>
        <Property Name="BirthDate" Type="Edm.Date"/>
        <Property Name="BusinessPartnerBirthplaceName" Type="Edm.String" MaxLength="40"/>
        <Property Name="BusinessPartnerIsBlocked" Type="Edm.Boolean"/>
        <Property Name="BusinessPartnerType" Type="Edm.String" MaxLength="4"/>
        <Property Name="ETag" Type="Edm.String" MaxLength="26"/>
        <Property Name="GroupBusinessPartnerName1" Type="Edm.String" MaxLength="40"/>
        <Property Name="GroupBusinessPartnerName2" Type="Edm.String" MaxLength="40"/>
        <Property Name="IndependentAddressID" Type="Edm.String" MaxLength="10"/>
        <Property Name="InternationalLocationNumber3" Type="Edm.String" MaxLength="1"/>
        <Property Name="MiddleName" Type="Edm.String" MaxLength="40"/>
        <Property Name="NameCountry" Type="Edm.String" MaxLength="3"/>
        <Property Name="NameFormat" Type="Edm.String" MaxLength="2"/>
        <Property Name="PersonFullName" Type="Edm.String" MaxLength="80"/>
        <Property Name="PersonNumber" Type="Edm.String" MaxLength="10"/>
        <Property Name="IsMarkedForArchiving" Type="Edm.Boolean"/>
        <Property Name="BusinessPartnerIDByExtSystem" Type="Edm.String" MaxLength="20"/>
        <Property Name="TradingPartner" Type="Edm.String" MaxLength="6"/>
        <NavigationProperty Name="to_BuPaIdentification" Type="Collection(API_BUSINESS_PARTNER.A_BuPaIdentification)"/>
        <Property Name="to_BuPaIdentification_BusinessPartner" Type="Edm.String" MaxLength="10"/>
        <Property Name="to_BuPaIdentification_BPIdentificationType" Type="Edm.String" MaxLength="6"/>
        <Property Name="to_BuPaIdentification_BPIdentificationNumber" Type="Edm.String" MaxLength="60"/>
        <NavigationProperty Name="to_BuPaIndustry" Type="Collection(API_BUSINESS_PARTNER.A_BuPaIndustry)"/>
        <Property Name="to_BuPaIndustry_IndustrySector" Type="Edm.String" MaxLength="10"/>
        <Property Name="to_BuPaIndustry_IndustrySystemType" Type="Edm.String" MaxLength="4"/>
        <Property Name="to_BuPaIndustry_BusinessPartner" Type="Edm.String" MaxLength="10"/>
        <NavigationProperty Name="to_BusinessPartnerAddress" Type="Collection(API_BUSINESS_PARTNER.A_BusinessPartnerAddress)"/>
        <Property Name="to_BusinessPartnerAddress_BusinessPartner" Type="Edm.String" MaxLength="10"/>
        <Property Name="to_BusinessPartnerAddress_AddressID" Type="Edm.String" MaxLength="10"/>
        <NavigationProperty Name="to_BusinessPartnerBank" Type="Collection(API_BUSINESS_PARTNER.A_BusinessPartnerBank)"/>
        <Property Name="to_BusinessPartnerBank_BusinessPartner" Type="Edm.String" MaxLength="10"/>
        <Property Name="to_BusinessPartnerBank_BankIdentification" Type="Edm.String" MaxLength="4"/>
        <NavigationProperty Name="to_BusinessPartnerContact" Type="Collection(API_BUSINESS_PARTNER.A_BusinessPartnerContact)"/>
        <Property Name="to_BusinessPartnerContact_RelationshipNumber" Type="Edm.String" MaxLength="12"/>
        <Property Name="to_BusinessPartnerContact_BusinessPartnerCompany" Type="Edm.String" MaxLength="10"/>
        <Property Name="to_BusinessPartnerContact_BusinessPartnerPerson" Type="Edm.String" MaxLength="10"/>
        <Property Name="to_BusinessPartnerContact_ValidityEndDate" Type="Edm.Date"/>
        <NavigationProperty Name="to_BusinessPartnerRole" Type="Collection(API_BUSINESS_PARTNER.A_BusinessPartnerRole)"/>
        <Property Name="to_BusinessPartnerRole_BusinessPartner" Type="Edm.String" MaxLength="10"/>
        <Property Name="to_BusinessPartnerRole_BusinessPartnerRole" Type="Edm.String" MaxLength="6"/>
        <NavigationProperty Name="to_BusinessPartnerTax" Type="Collection(API_BUSINESS_PARTNER.A_BusinessPartnerTaxNumber)"/>
        <Property Name="to_BusinessPartnerTax_BusinessPartner" Type="Edm.String" MaxLength="10"/>
        <Property Name="to_BusinessPartnerTax_BPTaxType" Type="Edm.String" MaxLength="4"/>
        <NavigationProperty Name="to_Customer" Type="API_BUSINESS_PARTNER.A_Customer">
          <ReferentialConstraint Property="to_Customer_Customer" ReferencedProperty="Customer"/>
        </NavigationProperty>
        <Property Name="to_Customer_Customer" Type="Edm.String" MaxLength="10"/>
        <NavigationProperty Name="to_Supplier" Type="API_BUSINESS_PARTNER.A_Supplier">
          <ReferentialConstraint Property="to_Supplier_Supplier" ReferencedProperty="Supplier"/>
        </NavigationProperty>
        <Property Name="to_Supplier_Supplier" Type="Edm.String" MaxLength="10"/>
      </EntityType>
      <EntityType Name="A_BusinessPartnerAddress">
        <Key>
          <PropertyRef Name="BusinessPartner"/>
          <PropertyRef Name="AddressID"/>
        </Key>
        <Property Name="BusinessPartner" Type="Edm.String" MaxLength="10" Nullable="false"/>
        <Property Name="AddressID" Type="Edm.String" MaxLength="10" Nullable="false"/>
        <Property Name="ValidityStartDate" Type="Edm.DateTimeOffset" Precision="7"/>
        <Property Name="ValidityEndDate" Type="Edm.DateTimeOffset" Precision="7"/>
        <Property Name="AuthorizationGroup" Type="Edm.String" MaxLength="4"/>
        <Property Name="AddressUUID" Type="Edm.Guid"/>
        <Property Name="AdditionalStreetPrefixName" Type="Edm.String" MaxLength="40"/>
        <Property Name="AdditionalStreetSuffixName" Type="Edm.String" MaxLength="40"/>
        <Property Name="AddressTimeZone" Type="Edm.String" MaxLength="6"/>
        <Property Name="CareOfName" Type="Edm.String" MaxLength="40"/>
        <Property Name="CityCode" Type="Edm.String" MaxLength="12"/>
        <Property Name="CityName" Type="Edm.String" MaxLength="40"/>
        <Property Name="CompanyPostalCode" Type="Edm.String" MaxLength="10"/>
        <Property Name="Country" Type="Edm.String" MaxLength="3"/>
        <Property Name="County" Type="Edm.String" MaxLength="40"/>
        <Property Name="DeliveryServiceNumber" Type="Edm.String" MaxLength="10"/>
        <Property Name="DeliveryServiceTypeCode" Type="Edm.String" MaxLength="4"/>
        <Property Name="District" Type="Edm.String" MaxLength="40"/>
        <Property Name="FormOfAddress" Type="Edm.String" MaxLength="4"/>
        <Property Name="FullName" Type="Edm.String" MaxLength="80"/>
        <Property Name="HomeCityName" Type="Edm.String" MaxLength="40"/>
        <Property Name="HouseNumber" Type="Edm.String" MaxLength="10"/>
        <Property Name="HouseNumberSupplementText" Type="Edm.String" MaxLength="10"/>
        <Property Name="Language" Type="Edm.String" MaxLength="2"/>
        <Property Name="POBox" Type="Edm.String" MaxLength="10"/>
        <Property Name="POBoxDeviatingCityName" Type="Edm.String" MaxLength="40"/>
        <Property Name="POBoxDeviatingCountry" Type="Edm.String" MaxLength="3"/>
        <Property Name="POBoxDeviatingRegion" Type="Edm.String" MaxLength="3"/>
        <Property Name="POBoxIsWithoutNumber" Type="Edm.Boolean"/>
        <Property Name="POBoxLobbyName" Type="Edm.String" MaxLength="40"/>
        <Property Name="POBoxPostalCode" Type="Edm.String" MaxLength="10"/>
        <Property Name="Person" Type="Edm.String" MaxLength="10"/>
        <Property Name="PostalCode" Type="Edm.String" MaxLength="10"/>
        <Property Name="PrfrdCommMediumType" Type="Edm.String" MaxLength="3"/>
        <Property Name="Region" Type="Edm.String" MaxLength="3"/>
        <Property Name="StreetName" Type="Edm.String" MaxLength="60"/>
        <Property Name="StreetPrefixName" Type="Edm.String" MaxLength="40"/>
        <Property Name="StreetSuffixName" Type="Edm.String" MaxLength="40"/>
        <Property Name="TaxJurisdiction" Type="Edm.String" MaxLength="15"/>
        <Property Name="TransportZone" Type="Edm.String" MaxLength="10"/>
        <Property Name="AddressIDByExternalSystem" Type="Edm.String" MaxLength="20"/>
        <NavigationProperty Name="to_AddressUsage" Type="Collection(API_BUSINESS_PARTNER.A_BuPaAddressUsage)"/>
        <Property Name="to_AddressUsage_BusinessPartner" Type="Edm.String" MaxLength="10"/>
        <Property Name="to_AddressUsage_ValidityEndDate" Type="Edm.DateTimeOffset" Precision="7"/>
        <Property Name="to_AddressUsage_AddressUsage" Type="Edm.String" MaxLength="10"/>
        <Property Name="to_AddressUsage_AddressID" Type="Edm.String" MaxLength="10"/>
        <NavigationProperty Name="to_EmailAddress" Type="Collection(API_BUSINESS_PARTNER.A_AddressEmailAddress)"/>
        <Property Name="to_EmailAddress_AddressID" Type="Edm.String" MaxLength="10"/>
        <Property Name="to_EmailAddress_Person" Type="Edm.String" MaxLength="10"/>
        <Property Name="to_EmailAddress_OrdinalNumber" Type="Edm.String" MaxLength="3"/>
        <NavigationProperty Name="to_FaxNumber" Type="Collection(API_BUSINESS_PARTNER.A_AddressFaxNumber)"/>
        <Property Name="to_FaxNumber_AddressID" Type="Edm.String" MaxLength="10"/>
        <Property Name="to_FaxNumber_Person" Type="Edm.String" MaxLength="10"/>
        <Property Name="to_FaxNumber_OrdinalNumber" Type="Edm.String" MaxLength="3"/>
        <NavigationProperty Name="to_MobilePhoneNumber" Type="Collection(API_BUSINESS_PARTNER.A_AddressPhoneNumber)"/>
        <Property Name="to_MobilePhoneNumber_AddressID" Type="Edm.String" MaxLength="10"/>
        <Property Name="to_MobilePhoneNumber_Person" Type="Edm.String" MaxLength="10"/>
        <Property Name="to_MobilePhoneNumber_OrdinalNumber" Type="Edm.String" MaxLength="3"/>
        <NavigationProperty Name="to_PhoneNumber" Type="Collection(API_BUSINESS_PARTNER.A_AddressPhoneNumber)"/>
        <Property Name="to_PhoneNumber_AddressID" Type="Edm.String" MaxLength="10"/>
        <Property Name="to_PhoneNumber_Person" Type="Edm.String" MaxLength="10"/>
        <Property Name="to_PhoneNumber_OrdinalNumber" Type="Edm.String" MaxLength="3"/>
        <NavigationProperty Name="to_URLAddress" Type="Collection(API_BUSINESS_PARTNER.A_AddressHomePageURL)"/>
        <Property Name="to_URLAddress_AddressID" Type="Edm.String" MaxLength="10"/>
        <Property Name="to_URLAddress_Person" Type="Edm.String" MaxLength="10"/>
        <Property Name="to_URLAddress_OrdinalNumber" Type="Edm.String" MaxLength="3"/>
        <Property Name="to_URLAddress_ValidityStartDate" Type="Edm.Date"/>
        <Property Name="to_URLAddress_IsDefaultURLAddress" Type="Edm.Boolean"/>
      </EntityType>
      <EntityType Name="A_BusinessPartnerBank">
        <Key>
          <PropertyRef Name="BusinessPartner"/>
          <PropertyRef Name="BankIdentification"/>
        </Key>
        <Property Name="BusinessPartner" Type="Edm.String" MaxLength="10" Nullable="false"/>
        <Property Name="BankIdentification" Type="Edm.String" MaxLength="4" Nullable="false"/>
        <Property Name="BankCountryKey" Type="Edm.String" MaxLength="3"/>
        <Property Name="BankName" Type="Edm.String" MaxLength="60"/>
        <Property Name="BankNumber" Type="Edm.String" MaxLength="15"/>
        <Property Name="SWIFTCode" Type="Edm.String" MaxLength="11"/>
        <Property Name="BankControlKey" Type="Edm.String" MaxLength="2"/>
        <Property Name="BankAccountHolderName" Type="Edm.String" MaxLength="60"/>
        <Property Name="BankAccountName" Type="Edm.String" MaxLength="40"/>
        <Property Name="ValidityStartDate" Type="Edm.DateTimeOffset" Precision="7"/>
        <Property Name="ValidityEndDate" Type="Edm.DateTimeOffset" Precision="7"/>
        <Property Name="IBAN" Type="Edm.String" MaxLength="34"/>
        <Property Name="IBANValidityStartDate" Type="Edm.Date"/>
        <Property Name="BankAccount" Type="Edm.String" MaxLength="18"/>
        <Property Name="BankAccountReferenceText" Type="Edm.String" MaxLength="20"/>
        <Property Name="CollectionAuthInd" Type="Edm.Boolean"/>
        <Property Name="CityName" Type="Edm.String" MaxLength="35"/>
        <Property Name="AuthorizationGroup" Type="Edm.String" MaxLength="4"/>
      </EntityType>
      <EntityType Name="A_BusinessPartnerContact">
        <Key>
          <PropertyRef Name="RelationshipNumber"/>
          <PropertyRef Name="BusinessPartnerCompany"/>
          <PropertyRef Name="BusinessPartnerPerson"/>
          <PropertyRef Name="ValidityEndDate"/>
        </Key>
        <Property Name="RelationshipNumber" Type="Edm.String" MaxLength="12" Nullable="false"/>
        <Property Name="BusinessPartnerCompany" Type="Edm.String" MaxLength="10" Nullable="false"/>
        <Property Name="BusinessPartnerPerson" Type="Edm.String" MaxLength="10" Nullable="false"/>
        <Property Name="ValidityEndDate" Type="Edm.Date" Nullable="false"/>
        <Property Name="ValidityStartDate" Type="Edm.Date"/>
        <Property Name="IsStandardRelationship" Type="Edm.Boolean"/>
        <Property Name="RelationshipCategory" Type="Edm.String" MaxLength="6"/>
        <NavigationProperty Name="to_ContactAddress" Type="Collection(API_BUSINESS_PARTNER.A_BPContactToAddress)"/>
        <Property Name="to_ContactAddress_RelationshipNumber" Type="Edm.String" MaxLength="12"/>
        <Property Name="to_ContactAddress_BusinessPartnerCompany" Type="Edm.String" MaxLength="10"/>
        <Property Name="to_ContactAddress_BusinessPartnerPerson" Type="Edm.String" MaxLength="10"/>
        <Property Name="to_ContactAddress_ValidityEndDate" Type="Edm.Date"/>
        <Property Name="to_ContactAddress_AddressID" Type="Edm.String" MaxLength="10"/>
        <NavigationProperty Name="to_ContactRelationship" Type="API_BUSINESS_PARTNER.A_BPContactToFuncAndDept">
          <ReferentialConstraint Property="to_ContactRelationship_RelationshipNumber" ReferencedProperty="RelationshipNumber"/>
          <ReferentialConstraint Property="to_ContactRelationship_BusinessPartnerCompany" ReferencedProperty="BusinessPartnerCompany"/>
          <ReferentialConstraint Property="to_ContactRelationship_BusinessPartnerPerson" ReferencedProperty="BusinessPartnerPerson"/>
          <ReferentialConstraint Property="to_ContactRelationship_ValidityEndDate" ReferencedProperty="ValidityEndDate"/>
        </NavigationProperty>
        <Property Name="to_ContactRelationship_RelationshipNumber" Type="Edm.String" MaxLength="12"/>
        <Property Name="to_ContactRelationship_BusinessPartnerCompany" Type="Edm.String" MaxLength="10"/>
        <Property Name="to_ContactRelationship_BusinessPartnerPerson" Type="Edm.String" MaxLength="10"/>
        <Property Name="to_ContactRelationship_ValidityEndDate" Type="Edm.Date"/>
      </EntityType>
      <EntityType Name="A_BusinessPartnerRole">
        <Key>
          <PropertyRef Name="BusinessPartner"/>
          <PropertyRef Name="BusinessPartnerRole"/>
        </Key>
        <Property Name="BusinessPartner" Type="Edm.String" MaxLength="10" Nullable="false"/>
        <Property Name="BusinessPartnerRole" Type="Edm.String" MaxLength="6" Nullable="false"/>
        <Property Name="ValidFrom" Type="Edm.DateTimeOffset" Precision="7"/>
        <Property Name="ValidTo" Type="Edm.DateTimeOffset" Precision="7"/>
        <Property Name="AuthorizationGroup" Type="Edm.String" MaxLength="4"/>
      </EntityType>
      <EntityType Name="A_BusinessPartnerTaxNumber">
        <Key>
          <PropertyRef Name="BusinessPartner"/>
          <PropertyRef Name="BPTaxType"/>
        </Key>
        <Property Name="BusinessPartner" Type="Edm.String" MaxLength="10" Nullable="false"/>
        <Property Name="BPTaxType" Type="Edm.String" MaxLength="4" Nullable="false"/>
        <Property Name="BPTaxNumber" Type="Edm.String" MaxLength="20"/>
        <Property Name="BPTaxLongNumber" Type="Edm.String" MaxLength="60"/>
        <Property Name="AuthorizationGroup" Type="Edm.String" MaxLength="4"/>
      </EntityType>
      <EntityType Name="A_Customer">
        <Key>
          <PropertyRef Name="Customer"/>
        </Key>
        <Property Name="Customer" Type="Edm.String" MaxLength="10" Nullable="false"/>
        <Property Name="AuthorizationGroup" Type="Edm.String" MaxLength="4"/>
        <Property Name="BillingIsBlockedForCustomer" Type="Edm.String" MaxLength="2"/>
        <Property Name="CreatedByUser" Type="Edm.String" MaxLength="12"/>
        <Property Name="CreationDate" Type="Edm.Date"/>
        <Property Name="CustomerAccountGroup" Type="Edm.String" MaxLength="4"/>
        <Property Name="CustomerClassification" Type="Edm.String" MaxLength="2"/>
        <Property Name="CustomerFullName" Type="Edm.String" MaxLength="220"/>
        <Property Name="CustomerName" Type="Edm.String" MaxLength="80"/>
        <Property Name="DeliveryIsBlocked" Type="Edm.String" MaxLength="2"/>
        <Property Name="NFPartnerIsNaturalPerson" Type="Edm.String" MaxLength="1"/>
        <Property Name="OrderIsBlockedForCustomer" Type="Edm.String" MaxLength="2"/>
        <Property Name="PostingIsBlocked" Type="Edm.Boolean"/>
        <Property Name="Supplier" Type="Edm.String" MaxLength="10"/>
        <Property Name="CustomerCorporateGroup" Type="Edm.String" MaxLength="10"/>
        <Property Name="FiscalAddress" Type="Edm.String" MaxLength="10"/>
        <Property Name="Industry" Type="Edm.String" MaxLength="4"/>
        <Property Name="IndustryCode1" Type="Edm.String" MaxLength="10"/>
        <Property Name="IndustryCode2" Type="Edm.String" MaxLength="10"/>
        <Property Name="IndustryCode3" Type="Edm.String" MaxLength="10"/>
        <Property Name="IndustryCode4" Type="Edm.String" MaxLength="10"/>
        <Property Name="IndustryCode5" Type="Edm.String" MaxLength="10"/>
        <Property Name="InternationalLocationNumber1" Type="Edm.String" MaxLength="7"/>
        <Property Name="NielsenRegion" Type="Edm.String" MaxLength="2"/>
        <Property Name="ResponsibleType" Type="Edm.String" MaxLength="2"/>
        <Property Name="TaxNumber1" Type="Edm.String" MaxLength="16"/>
        <Property Name="TaxNumber2" Type="Edm.String" MaxLength="11"/>
        <Property Name="TaxNumber3" Type="Edm.String" MaxLength="18"/>
        <Property Name="TaxNumber4" Type="Edm.String" MaxLength="18"/>
        <Property Name="TaxNumber5" Type="Edm.String" MaxLength="60"/>
        <Property Name="TaxNumberType" Type="Edm.String" MaxLength="2"/>
        <Property Name="VATRegistration" Type="Edm.String" MaxLength="20"/>
        <Property Name="DeletionIndicator" Type="Edm.Boolean"/>
        <NavigationProperty Name="to_CustomerCompany" Type="Collection(API_BUSINESS_PARTNER.A_CustomerCompany)"/>
        <Property Name="to_CustomerCompany_Customer" Type="Edm.String" MaxLength="10"/>
        <Property Name="to_CustomerCompany_CompanyCode" Type="Edm.String" MaxLength="4"/>
        <NavigationProperty Name="to_CustomerSalesArea" Type="Collection(API_BUSINESS_PARTNER.A_CustomerSalesArea)"/>
        <Property Name="to_CustomerSalesArea_Customer" Type="Edm.String" MaxLength="10"/>
        <Property Name="to_CustomerSalesArea_SalesOrganization" Type="Edm.String" MaxLength="4"/>
        <Property Name="to_CustomerSalesArea_DistributionChannel" Type="Edm.String" MaxLength="2"/>
        <Property Name="to_CustomerSalesArea_Division" Type="Edm.String" MaxLength="2"/>
      </EntityType>
      <EntityType Name="A_CustomerCompany">
        <Key>
          <PropertyRef Name="Customer"/>
          <PropertyRef Name="CompanyCode"/>
        </Key>
        <Property Name="Customer" Type="Edm.String" MaxLength="10" Nullable="false"/>
        <Property Name="CompanyCode" Type="Edm.String" MaxLength="4" Nullable="false"/>
        <Property Name="APARToleranceGroup" Type="Edm.String" MaxLength="4"/>
        <Property Name="AccountByCustomer" Type="Edm.String" MaxLength="12"/>
        <Property Name="AccountingClerk" Type="Edm.String" MaxLength="2"/>
        <Property Name="AccountingClerkFaxNumber" Type="Edm.String" MaxLength="31"/>
        <Property Name="AccountingClerkInternetAddress" Type="Edm.String" MaxLength="130"/>
        <Property Name="AccountingClerkPhoneNumber" Type="Edm.String" MaxLength="30"/>
        <Property Name="AlternativePayerAccount" Type="Edm.String" MaxLength="10"/>
        <Property Name="AuthorizationGroup" Type="Edm.String" MaxLength="4"/>
        <Property Name="CollectiveInvoiceVariant" Type="Edm.String" MaxLength="1"/>
        <Property Name="CustomerAccountNote" Type="Edm.String" MaxLength="30"/>
        <Property Name="CustomerHeadOffice" Type="Edm.String" MaxLength="10"/>
        <Property Name="CustomerSupplierClearingIsUsed" Type="Edm.Boolean"/>
        <Property Name="HouseBank" Type="Edm.String" MaxLength="5"/>
        <Property Name="InterestCalculationCode" Type="Edm.String" MaxLength="2"/>
        <Property Name="InterestCalculationDate" Type="Edm.Date"/>
        <Property Name="IsToBeLocallyProcessed" Type="Edm.Boolean"/>
        <Property Name="ItemIsToBePaidSeparately" Type="Edm.Boolean"/>
        <Property Name="LayoutSortingRule" Type="Edm.String" MaxLength="3"/>
        <Property Name="PaymentBlockingReason" Type="Edm.String" MaxLength="1"/>
        <Property Name="PaymentMethodsList" Type="Edm.String" MaxLength="10"/>
        <Property Name="PaymentTerms" Type="Edm.String" MaxLength="4"/>
        <Property Name="PaytAdviceIsSentbyEDI" Type="Edm.Boolean"/>
        <Property Name="PhysicalInventoryBlockInd" Type="Edm.Boolean"/>
        <Property Name="ReconciliationAccount" Type="Edm.String" MaxLength="10"/>
        <Property Name="RecordPaymentHistoryIndicator" Type="Edm.Boolean"/>
        <Property Name="UserAtCustomer" Type="Edm.String" MaxLength="15"/>
        <Property Name="DeletionIndicator" Type="Edm.Boolean"/>
        <Property Name="CashPlanningGroup" Type="Edm.String" MaxLength="10"/>
        <Property Name="KnownOrNegotiatedLeave" Type="Edm.String" MaxLength="4"/>
        <Property Name="ValueAdjustmentKey" Type="Edm.String" MaxLength="2"/>
        <Property Name="CustomerAccountGroup" Type="Edm.String" MaxLength="4"/>
        <NavigationProperty Name="to_CustomerDunning" Type="Collection(API_BUSINESS_PARTNER.A_CustomerDunning)"/>
        <Property Name="to_CustomerDunning_Customer" Type="Edm.String" MaxLength="10"/>
        <Property Name="to_CustomerDunning_CompanyCode" Type="Edm.String" MaxLength="4"/>
        <Property Name="to_CustomerDunning_DunningArea" Type="Edm.String" MaxLength="2"/>
        <NavigationProperty Name="to_WithHoldingTax" Type="Collection(API_BUSINESS_PARTNER.A_CustomerWithHoldingTax)"/>
        <Property Name="to_WithHoldingTax_Customer" Type="Edm.String" MaxLength="10"/>
        <Property Name="to_WithHoldingTax_CompanyCode" Type="Edm.String" MaxLength="4"/>
        <Property Name="to_WithHoldingTax_WithholdingTaxType" Type="Edm.String" MaxLength="2"/>
      </EntityType>
      <EntityType Name="A_CustomerDunning">
        <Key>
          <PropertyRef Name="Customer"/>
          <PropertyRef Name="CompanyCode"/>
          <PropertyRef Name="DunningArea"/>
        </Key>
        <Property Name="Customer" Type="Edm.String" MaxLength="10" Nullable="false"/>
        <Property Name="CompanyCode" Type="Edm.String" MaxLength="4" Nullable="false"/>
        <Property Name="DunningArea" Type="Edm.String" MaxLength="2" Nullable="false"/>
        <Property Name="DunningBlock" Type="Edm.String" MaxLength="1"/>
        <Property Name="DunningLevel" Type="Edm.String" MaxLength="1"/>
        <Property Name="DunningProcedure" Type="Edm.String" MaxLength="4"/>
        <Property Name="DunningRecipient" Type="Edm.String" MaxLength="10"/>
        <Property Name="LastDunnedOn" Type="Edm.Date"/>
        <Property Name="LegDunningProcedureOn" Type="Edm.Date"/>
        <Property Name="DunningClerk" Type="Edm.String" MaxLength="2"/>
        <Property Name="AuthorizationGroup" Type="Edm.String" MaxLength="4"/>
        <Property Name="CustomerAccountGroup" Type="Edm.String" MaxLength="4"/>
      </EntityType>
      <EntityType Name="A_CustomerSalesArea">
        <Key>
          <PropertyRef Name="Customer"/>
          <PropertyRef Name="SalesOrganization"/>
          <PropertyRef Name="DistributionChannel"/>
          <PropertyRef Name="Division"/>
        </Key>
        <Property Name="Customer" Type="Edm.String" MaxLength="10" Nullable="false"/>
        <Property Name="SalesOrganization" Type="Edm.String" MaxLength="4" Nullable="false"/>
        <Property Name="DistributionChannel" Type="Edm.String" MaxLength="2" Nullable="false"/>
        <Property Name="Division" Type="Edm.String" MaxLength="2" Nullable="false"/>
        <Property Name="AccountByCustomer" Type="Edm.String" MaxLength="12"/>
        <Property Name="AuthorizationGroup" Type="Edm.String" MaxLength="4"/>
        <Property Name="BillingIsBlockedForCustomer" Type="Edm.String" MaxLength="2"/>
        <Property Name="CompleteDeliveryIsDefined" Type="Edm.Boolean"/>
        <Property Name="Currency" Type="Edm.String" MaxLength="5"/>
        <Property Name="CustomerABCClassification" Type="Edm.String" MaxLength="2"/>
        <Property Name="CustomerAccountAssignmentGroup" Type="Edm.String" MaxLength="2"/>
        <Property Name="CustomerGroup" Type="Edm.String" MaxLength="2"/>
        <Property Name="CustomerPaymentTerms" Type="Edm.String" MaxLength="4"/>
        <Property Name="CustomerPriceGroup" Type="Edm.String" MaxLength="2"/>
        <Property Name="CustomerPricingProcedure" Type="Edm.String" MaxLength="2"/>
        <Property Name="DeliveryIsBlockedForCustomer" Type="Edm.String" MaxLength="2"/>
        <Property Name="DeliveryPriority" Type="Edm.String" MaxLength="2"/>
        <Property Name="IncotermsClassification" Type="Edm.String" MaxLength="3"/>
        <Property Name="IncotermsLocation2" Type="Edm.String" MaxLength="70"/>
        <Property Name="IncotermsVersion" Type="Edm.String" MaxLength="4"/>
        <Property Name="IncotermsLocation1" Type="Edm.String" MaxLength="70"/>
        <Property Name="DeletionIndicator" Type="Edm.Boolean"/>
        <Property Name="IncotermsTransferLocation" Type="Edm.String" MaxLength="28"/>
        <Property Name="InvoiceDate" Type="Edm.String" MaxLength="2"/>
        <Property Name="ItemOrderProbabilityInPercent" Type="Edm.String" MaxLength="3"/>
        <Property Name="OrderCombinationIsAllowed" Type="Edm.Boolean"/>
        <Property Name="OrderIsBlockedForCustomer" Type="Edm.String" MaxLength="2"/>
        <Property Name="PartialDeliveryIsAllowed" Type="Edm.String" MaxLength="1"/>
        <Property Name="PriceListType" Type="Edm.String" MaxLength="2"/>
        <Property Name="SalesGroup" Type="Edm.String" MaxLength="3"/>
        <Property Name="SalesOffice" Type="Edm.String" MaxLength="4"/>
        <Property Name="ShippingCondition" Type="Edm.String" MaxLength="2"/>
        <Property Name="SupplyingPlant" Type="Edm.String" MaxLength="4"/>
        <Property Name="SalesDistrict" Type="Edm.String" MaxLength="6"/>
        <Property Name="InvoiceListSchedule" Type="Edm.String" MaxLength="2"/>
        <Property Name="ExchangeRateType" Type="Edm.String" MaxLength="4"/>
        <Property Name="AdditionalCustomerGroup1" Type="Edm.String" MaxLength="3"/>
        <Property Name="AdditionalCustomerGroup2" Type="Edm.String" MaxLength="3"/>
        <Property Name="AdditionalCustomerGroup3" Type="Edm.String" MaxLength="3"/>
        <Property Name="AdditionalCustomerGroup4" Type="Edm.String" MaxLength="3"/>
        <Property Name="AdditionalCustomerGroup5" Type="Edm.String" MaxLength="3"/>
        <Property Name="PaymentGuaranteeProcedure" Type="Edm.String" MaxLength="4"/>
        <Property Name="CustomerAccountGroup" Type="Edm.String" MaxLength="4"/>
        <NavigationProperty Name="to_PartnerFunction" Type="Collection(API_BUSINESS_PARTNER.A_CustSalesPartnerFunc)"/>
        <Property Name="to_PartnerFunction_Customer" Type="Edm.String" MaxLength="10"/>
        <Property Name="to_PartnerFunction_SalesOrganization" Type="Edm.String" MaxLength="4"/>
        <Property Name="to_PartnerFunction_DistributionChannel" Type="Edm.String" MaxLength="2"/>
        <Property Name="to_PartnerFunction_Division" Type="Edm.String" MaxLength="2"/>
        <Property Name="to_PartnerFunction_PartnerCounter" Type="Edm.String" MaxLength="3"/>
        <Property Name="to_PartnerFunction_PartnerFunction" Type="Edm.String" MaxLength="2"/>
        <NavigationProperty Name="to_SalesAreaTax" Type="Collection(API_BUSINESS_PARTNER.A_CustomerSalesAreaTax)"/>
        <Property Name="to_SalesAreaTax_Customer" Type="Edm.String" MaxLength="10"/>
        <Property Name="to_SalesAreaTax_SalesOrganization" Type="Edm.String" MaxLength="4"/>
        <Property Name="to_SalesAreaTax_DistributionChannel" Type="Edm.String" MaxLength="2"/>
        <Property Name="to_SalesAreaTax_Division" Type="Edm.String" MaxLength="2"/>
        <Property Name="to_SalesAreaTax_DepartureCountry" Type="Edm.String" MaxLength="3"/>
        <Property Name="to_SalesAreaTax_CustomerTaxCategory" Type="Edm.String" MaxLength="4"/>
      </EntityType>
      <EntityType Name="A_CustomerSalesAreaTax">
        <Key>
          <PropertyRef Name="Customer"/>
          <PropertyRef Name="SalesOrganization"/>
          <PropertyRef Name="DistributionChannel"/>
          <PropertyRef Name="Division"/>
          <PropertyRef Name="DepartureCountry"/>
          <PropertyRef Name="CustomerTaxCategory"/>
        </Key>
        <Property Name="Customer" Type="Edm.String" MaxLength="10" Nullable="false"/>
        <Property Name="SalesOrganization" Type="Edm.String" MaxLength="4" Nullable="false"/>
        <Property Name="DistributionChannel" Type="Edm.String" MaxLength="2" Nullable="false"/>
        <Property Name="Division" Type="Edm.String" MaxLength="2" Nullable="false"/>
        <Property Name="DepartureCountry" Type="Edm.String" MaxLength="3" Nullable="false"/>
        <Property Name="CustomerTaxCategory" Type="Edm.String" MaxLength="4" Nullable="false"/>
        <Property Name="CustomerTaxClassification" Type="Edm.String" MaxLength="1"/>
      </EntityType>
      <EntityType Name="A_CustomerWithHoldingTax">
        <Key>
          <PropertyRef Name="Customer"/>
          <PropertyRef Name="CompanyCode"/>
          <PropertyRef Name="WithholdingTaxType"/>
        </Key>
        <Property Name="Customer" Type="Edm.String" MaxLength="10" Nullable="false"/>
        <Property Name="CompanyCode" Type="Edm.String" MaxLength="4" Nullable="false"/>
        <Property Name="WithholdingTaxType" Type="Edm.String" MaxLength="2" Nullable="false"/>
        <Property Name="WithholdingTaxCode" Type="Edm.String" MaxLength="2"/>
        <Property Name="WithholdingTaxAgent" Type="Edm.Boolean"/>
        <Property Name="ObligationDateBegin" Type="Edm.Date"/>
        <Property Name="ObligationDateEnd" Type="Edm.Date"/>
        <Property Name="WithholdingTaxNumber" Type="Edm.String" MaxLength="16"/>
        <Property Name="WithholdingTaxCertificate" Type="Edm.String" MaxLength="25"/>
        <Property Name="WithholdingTaxExmptPercent" Type="Edm.Decimal" Scale="2" Precision="5"/>
        <Property Name="ExemptionDateBegin" Type="Edm.Date"/>
        <Property Name="ExemptionDateEnd" Type="Edm.Date"/>
        <Property Name="ExemptionReason" Type="Edm.String" MaxLength="2"/>
        <Property Name="AuthorizationGroup" Type="Edm.String" MaxLength="4"/>
      </EntityType>
      <EntityType Name="A_CustSalesPartnerFunc">
        <Key>
          <PropertyRef Name="Customer"/>
          <PropertyRef Name="SalesOrganization"/>
          <PropertyRef Name="DistributionChannel"/>
          <PropertyRef Name="Division"/>
          <PropertyRef Name="PartnerCounter"/>
          <PropertyRef Name="PartnerFunction"/>
        </Key>
        <Property Name="Customer" Type="Edm.String" MaxLength="10" Nullable="false"/>
        <Property Name="SalesOrganization" Type="Edm.String" MaxLength="4" Nullable="false"/>
        <Property Name="DistributionChannel" Type="Edm.String" MaxLength="2" Nullable="false"/>
        <Property Name="Division" Type="Edm.String" MaxLength="2" Nullable="false"/>
        <Property Name="PartnerCounter" Type="Edm.String" MaxLength="3" Nullable="false"/>
        <Property Name="PartnerFunction" Type="Edm.String" MaxLength="2" Nullable="false"/>
        <Property Name="BPCustomerNumber" Type="Edm.String" MaxLength="10"/>
        <Property Name="CustomerPartnerDescription" Type="Edm.String" MaxLength="30"/>
        <Property Name="DefaultPartner" Type="Edm.Boolean"/>
        <Property Name="AuthorizationGroup" Type="Edm.String" MaxLength="4"/>
      </EntityType>
      <EntityType Name="A_Supplier">
        <Key>
          <PropertyRef Name="Supplier"/>
        </Key>
        <Property Name="Supplier" Type="Edm.String" MaxLength="10" Nullable="false"/>
        <Property Name="AlternativePayeeAccountNumber" Type="Edm.String" MaxLength="10"/>
        <Property Name="AuthorizationGroup" Type="Edm.String" MaxLength="4"/>
        <Property Name="CreatedByUser" Type="Edm.String" MaxLength="12"/>
        <Property Name="CreationDate" Type="Edm.Date"/>
        <Property Name="Customer" Type="Edm.String" MaxLength="10"/>
        <Property Name="PaymentIsBlockedForSupplier" Type="Edm.Boolean"/>
        <Property Name="PostingIsBlocked" Type="Edm.Boolean"/>
        <Property Name="PurchasingIsBlocked" Type="Edm.Boolean"/>
        <Property Name="SupplierAccountGroup" Type="Edm.String" MaxLength="4"/>
        <Property Name="SupplierFullName" Type="Edm.String" MaxLength="220"/>
        <Property Name="SupplierName" Type="Edm.String" MaxLength="80"/>
        <Property Name="VATRegistration" Type="Edm.String" MaxLength="20"/>
        <Property Name="BirthDate" Type="Edm.Date"/>
        <Property Name="ConcatenatedInternationalLocNo" Type="Edm.String" MaxLength="20"/>
        <Property Name="DeletionIndicator" Type="Edm.Boolean"/>
        <Property Name="FiscalAddress" Type="Edm.String" MaxLength="10"/>
        <Property Name="Industry" Type="Edm.String" MaxLength="4"/>
        <Property Name="InternationalLocationNumber1" Type="Edm.String" MaxLength="7"/>
        <Property Name="InternationalLocationNumber2" Type="Edm.String" MaxLength="5"/>
        <Property Name="InternationalLocationNumber3" Type="Edm.String" MaxLength="1"/>
        <Property Name="IsNaturalPerson" Type="Edm.String" MaxLength="1"/>
        <Property Name="ResponsibleType" Type="Edm.String" MaxLength="2"/>
        <Property Name="SuplrQltyInProcmtCertfnValidTo" Type="Edm.Date"/>
        <Property Name="SuplrQualityManagementSystem" Type="Edm.String" MaxLength="4"/>
        <Property Name="SupplierCorporateGroup" Type="Edm.String" MaxLength="10"/>
        <Property Name="SupplierProcurementBlock" Type="Edm.String" MaxLength="2"/>
        <Property Name="TaxNumber1" Type="Edm.String" MaxLength="16"/>
        <Property Name="TaxNumber2" Type="Edm.String" MaxLength="11"/>
        <Property Name="TaxNumber3" Type="Edm.String" MaxLength="18"/>
        <Property Name="TaxNumber4" Type="Edm.String" MaxLength="18"/>
        <Property Name="TaxNumber5" Type="Edm.String" MaxLength="60"/>
        <Property Name="TaxNumberResponsible" Type="Edm.String" MaxLength="18"/>
        <Property Name="TaxNumberType" Type="Edm.String" MaxLength="2"/>
        <Property Name="SuplrProofOfDelivRlvtCode" Type="Edm.String" MaxLength="1"/>
        <Property Name="BR_TaxIsSplit" Type="Edm.Boolean"/>
        <NavigationProperty Name="to_SupplierCompany" Type="Collection(API_BUSINESS_PARTNER.A_SupplierCompany)"/>
        <Property Name="to_SupplierCompany_Supplier" Type="Edm.String" MaxLength="10"/>
        <Property Name="to_SupplierCompany_CompanyCode" Type="Edm.String" MaxLength="4"/>
        <NavigationProperty Name="to_SupplierPurchasingOrg" Type="Collection(API_BUSINESS_PARTNER.A_SupplierPurchasingOrg)"/>
        <Property Name="to_SupplierPurchasingOrg_Supplier" Type="Edm.String" MaxLength="10"/>
        <Property Name="to_SupplierPurchasingOrg_PurchasingOrganization" Type="Edm.String" MaxLength="4"/>
      </EntityType>
      <EntityType Name="A_SupplierCompany">
        <Key>
          <PropertyRef Name="Supplier"/>
          <PropertyRef Name="CompanyCode"/>
        </Key>
        <Property Name="Supplier" Type="Edm.String" MaxLength="10" Nullable="false"/>
        <Property Name="CompanyCode" Type="Edm.String" MaxLength="4" Nullable="false"/>
        <Property Name="AuthorizationGroup" Type="Edm.String" MaxLength="4"/>
        <Property Name="CompanyCodeName" Type="Edm.String" MaxLength="25"/>
        <Property Name="PaymentBlockingReason" Type="Edm.String" MaxLength="1"/>
        <Property Name="SupplierIsBlockedForPosting" Type="Edm.Boolean"/>
        <Property Name="AccountingClerk" Type="Edm.String" MaxLength="2"/>
        <Property Name="AccountingClerkFaxNumber" Type="Edm.String" MaxLength="31"/>
        <Property Name="AccountingClerkPhoneNumber" Type="Edm.String" MaxLength="30"/>
        <Property Name="SupplierClerk" Type="Edm.String" MaxLength="15"/>
        <Property Name="SupplierClerkURL" Type="Edm.String" MaxLength="130"/>
        <Property Name="PaymentMethodsList" Type="Edm.String" MaxLength="10"/>
        <Property Name="PaymentTerms" Type="Edm.String" MaxLength="4"/>
        <Property Name="ClearCustomerSupplier" Type="Edm.Boolean"/>
        <Property Name="IsToBeLocallyProcessed" Type="Edm.Boolean"/>
        <Property Name="ItemIsToBePaidSeparately" Type="Edm.Boolean"/>
        <Property Name="PaymentIsToBeSentByEDI" Type="Edm.Boolean"/>
        <Property Name="HouseBank" Type="Edm.String" MaxLength="5"/>
        <Property Name="CheckPaidDurationInDays" Type="Edm.Decimal" Scale="0" Precision="3"/>
        <Property Name="Currency" Type="Edm.String" MaxLength="5"/>
        <Property Name="BillOfExchLmtAmtInCoCodeCrcy" Type="Edm.Decimal" Scale="3" Precision="14"/>
        <Property Name="SupplierClerkIDBySupplier" Type="Edm.String" MaxLength="12"/>
        <Property Name="ReconciliationAccount" Type="Edm.String" MaxLength="10"/>
        <Property Name="InterestCalculationCode" Type="Edm.String" MaxLength="2"/>
        <Property Name="InterestCalculationDate" Type="Edm.Date"/>
        <Property Name="SupplierHeadOffice" Type="Edm.String" MaxLength="10"/>
        <Property Name="AlternativePayee" Type="Edm.String" MaxLength="10"/>
        <Property Name="LayoutSortingRule" Type="Edm.String" MaxLength="3"/>
        <Property Name="APARToleranceGroup" Type="Edm.String" MaxLength="4"/>
        <Property Name="SupplierCertificationDate" Type="Edm.Date"/>
        <Property Name="SupplierAccountNote" Type="Edm.String" MaxLength="30"/>
        <Property Name="WithholdingTaxCountry" Type="Edm.String" MaxLength="3"/>
        <Property Name="DeletionIndicator" Type="Edm.Boolean"/>
        <Property Name="CashPlanningGroup" Type="Edm.String" MaxLength="10"/>
        <Property Name="IsToBeCheckedForDuplicates" Type="Edm.Boolean"/>
        <Property Name="MinorityGroup" Type="Edm.String" MaxLength="3"/>
        <Property Name="SupplierAccountGroup" Type="Edm.String" MaxLength="4"/>
        <NavigationProperty Name="to_SupplierDunning" Type="Collection(API_BUSINESS_PARTNER.A_SupplierDunning)"/>
        <Property Name="to_SupplierDunning_Supplier" Type="Edm.String" MaxLength="10"/>
        <Property Name="to_SupplierDunning_CompanyCode" Type="Edm.String" MaxLength="4"/>
        <Property Name="to_SupplierDunning_DunningArea" Type="Edm.String" MaxLength="2"/>
        <NavigationProperty Name="to_SupplierWithHoldingTax" Type="Collection(API_BUSINESS_PARTNER.A_SupplierWithHoldingTax)"/>
        <Property Name="to_SupplierWithHoldingTax_Supplier" Type="Edm.String" MaxLength="10"/>
        <Property Name="to_SupplierWithHoldingTax_CompanyCode" Type="Edm.String" MaxLength="4"/>
        <Property Name="to_SupplierWithHoldingTax_WithholdingTaxType" Type="Edm.String" MaxLength="2"/>
      </EntityType>
      <EntityType Name="A_SupplierDunning">
        <Key>
          <PropertyRef Name="Supplier"/>
          <PropertyRef Name="CompanyCode"/>
          <PropertyRef Name="DunningArea"/>
        </Key>
        <Property Name="Supplier" Type="Edm.String" MaxLength="10" Nullable="false"/>
        <Property Name="CompanyCode" Type="Edm.String" MaxLength="4" Nullable="false"/>
        <Property Name="DunningArea" Type="Edm.String" MaxLength="2" Nullable="false"/>
        <Property Name="DunningBlock" Type="Edm.String" MaxLength="1"/>
        <Property Name="DunningLevel" Type="Edm.String" MaxLength="1"/>
        <Property Name="DunningProcedure" Type="Edm.String" MaxLength="4"/>
        <Property Name="DunningRecipient" Type="Edm.String" MaxLength="10"/>
        <Property Name="LastDunnedOn" Type="Edm.Date"/>
        <Property Name="LegDunningProcedureOn" Type="Edm.Date"/>
        <Property Name="DunningClerk" Type="Edm.String" MaxLength="2"/>
        <Property Name="AuthorizationGroup" Type="Edm.String" MaxLength="4"/>
        <Property Name="SupplierAccountGroup" Type="Edm.String" MaxLength="4"/>
      </EntityType>
      <EntityType Name="A_SupplierPartnerFunc">
        <Key>
          <PropertyRef Name="Supplier"/>
          <PropertyRef Name="PurchasingOrganization"/>
          <PropertyRef Name="SupplierSubrange"/>
          <PropertyRef Name="Plant"/>
          <PropertyRef Name="PartnerFunction"/>
          <PropertyRef Name="PartnerCounter"/>
        </Key>
        <Property Name="Supplier" Type="Edm.String" MaxLength="10" Nullable="false"/>
        <Property Name="PurchasingOrganization" Type="Edm.String" MaxLength="4" Nullable="false"/>
        <Property Name="SupplierSubrange" Type="Edm.String" MaxLength="6" Nullable="false"/>
        <Property Name="Plant" Type="Edm.String" MaxLength="4" Nullable="false"/>
        <Property Name="PartnerFunction" Type="Edm.String" MaxLength="2" Nullable="false"/>
        <Property Name="PartnerCounter" Type="Edm.String" MaxLength="3" Nullable="false"/>
        <Property Name="DefaultPartner" Type="Edm.Boolean"/>
        <Property Name="CreationDate" Type="Edm.Date"/>
        <Property Name="CreatedByUser" Type="Edm.String" MaxLength="12"/>
        <Property Name="ReferenceSupplier" Type="Edm.String" MaxLength="10"/>
        <Property Name="AuthorizationGroup" Type="Edm.String" MaxLength="4"/>
      </EntityType>
      <EntityType Name="A_SupplierPurchasingOrg">
        <Key>
          <PropertyRef Name="Supplier"/>
          <PropertyRef Name="PurchasingOrganization"/>
        </Key>
        <Property Name="Supplier" Type="Edm.String" MaxLength="10" Nullable="false"/>
        <Property Name="PurchasingOrganization" Type="Edm.String" MaxLength="4" Nullable="false"/>
        <Property Name="CalculationSchemaGroupCode" Type="Edm.String" MaxLength="2"/>
        <Property Name="DeletionIndicator" Type="Edm.Boolean"/>
        <Property Name="IncotermsClassification" Type="Edm.String" MaxLength="3"/>
        <Property Name="IncotermsTransferLocation" Type="Edm.String" MaxLength="28"/>
        <Property Name="IncotermsVersion" Type="Edm.String" MaxLength="4"/>
        <Property Name="IncotermsLocation1" Type="Edm.String" MaxLength="70"/>
        <Property Name="IncotermsLocation2" Type="Edm.String" MaxLength="70"/>
        <Property Name="InvoiceIsGoodsReceiptBased" Type="Edm.Boolean"/>
        <Property Name="MaterialPlannedDeliveryDurn" Type="Edm.Decimal" Scale="0" Precision="3"/>
        <Property Name="MinimumOrderAmount" Type="Edm.Decimal" Scale="3" Precision="14"/>
        <Property Name="PaymentTerms" Type="Edm.String" MaxLength="4"/>
        <Property Name="PricingDateControl" Type="Edm.String" MaxLength="1"/>
        <Property Name="PurOrdAutoGenerationIsAllowed" Type="Edm.Boolean"/>
        <Property Name="PurchaseOrderCurrency" Type="Edm.String" MaxLength="5"/>
        <Property Name="PurchasingGroup" Type="Edm.String" MaxLength="3"/>
        <Property Name="PurchasingIsBlockedForSupplier" Type="Edm.Boolean"/>
        <Property Name="ShippingCondition" Type="Edm.String" MaxLength="2"/>
        <Property Name="SupplierABCClassificationCode" Type="Edm.String" MaxLength="1"/>
        <Property Name="SupplierPhoneNumber" Type="Edm.String" MaxLength="16"/>
        <Property Name="SupplierRespSalesPersonName" Type="Edm.String" MaxLength="30"/>
        <Property Name="AuthorizationGroup" Type="Edm.String" MaxLength="4"/>
        <Property Name="SupplierAccountGroup" Type="Edm.String" MaxLength="4"/>
        <NavigationProperty Name="to_PartnerFunction" Type="Collection(API_BUSINESS_PARTNER.A_SupplierPartnerFunc)"/>
        <Property Name="to_PartnerFunction_Supplier" Type="Edm.String" MaxLength="10"/>
        <Property Name="to_PartnerFunction_PurchasingOrganization" Type="Edm.String" MaxLength="4"/>
        <Property Name="to_PartnerFunction_SupplierSubrange" Type="Edm.String" MaxLength="6"/>
        <Property Name="to_PartnerFunction_Plant" Type="Edm.String" MaxLength="4"/>
        <Property Name="to_PartnerFunction_PartnerFunction" Type="Edm.String" MaxLength="2"/>
        <Property Name="to_PartnerFunction_PartnerCounter" Type="Edm.String" MaxLength="3"/>
      </EntityType>
      <EntityType Name="A_SupplierWithHoldingTax">
        <Key>
          <PropertyRef Name="Supplier"/>
          <PropertyRef Name="CompanyCode"/>
          <PropertyRef Name="WithholdingTaxType"/>
        </Key>
        <Property Name="Supplier" Type="Edm.String" MaxLength="10" Nullable="false"/>
        <Property Name="CompanyCode" Type="Edm.String" MaxLength="4" Nullable="false"/>
        <Property Name="WithholdingTaxType" Type="Edm.String" MaxLength="2" Nullable="false"/>
        <Property Name="ExemptionDateBegin" Type="Edm.Date"/>
        <Property Name="ExemptionDateEnd" Type="Edm.Date"/>
        <Property Name="ExemptionReason" Type="Edm.String" MaxLength="2"/>
        <Property Name="IsWithholdingTaxSubject" Type="Edm.Boolean"/>
        <Property Name="RecipientType" Type="Edm.String" MaxLength="2"/>
        <Property Name="WithholdingTaxCertificate" Type="Edm.String" MaxLength="25"/>
        <Property Name="WithholdingTaxCode" Type="Edm.String" MaxLength="2"/>
        <Property Name="WithholdingTaxExmptPercent" Type="Edm.Decimal" Scale="2" Precision="5"/>
        <Property Name="WithholdingTaxNumber" Type="Edm.String" MaxLength="16"/>
        <Property Name="AuthorizationGroup" Type="Edm.String" MaxLength="4"/>
      </EntityType>
      <Annotations Target="API_BUSINESS_PARTNER.BusinessPartner.Changed">
        <Annotation Term="Core.Description" String="Add asynchronous eventing API"/>
      </Annotations>
      <Annotations Target="API_BUSINESS_PARTNER.EntityContainer">
        <Annotation Term="Core.Description" String="Tailor the imported API to our needs..."/>
      </Annotations>
    </Schema>
  </edmx:DataServices>
</edmx:Edmx>