<?xml version="1.0" encoding="utf-8"?>
<edmx:Edmx Version="4.0" xmlns:edmx="http://docs.oasis-open.org/odata/ns/edmx">
  <edmx:Reference Uri="https://oasis-tcs.github.io/odata-vocabularies/vocabularies/Org.OData.Capabilities.V1.xml">
    <edmx:Include Alias="Capabilities" Namespace="Org.OData.Capabilities.V1"/>
  </edmx:Reference>
  <edmx:Reference Uri="https://sap.github.io/odata-vocabularies/vocabularies/Common.xml">
    <edmx:Include Alias="Common" Namespace="com.sap.vocabularies.Common.v1"/>
  </edmx:Reference>
  <edmx:Reference Uri="https://oasis-tcs.github.io/odata-vocabularies/vocabularies/Org.OData.Core.V1.xml">
    <edmx:Include Alias="Core" Namespace="Org.OData.Core.V1"/>
  </edmx:Reference>
  <edmx:Reference Uri="https://sap.github.io/odata-vocabularies/vocabularies/UI.xml">
    <edmx:Include Alias="UI" Namespace="com.sap.vocabularies.UI.v1"/>
  </edmx:Reference>
  <edmx:DataServices>
    <Schema Namespace="NotesService" xmlns="http://docs.oasis-open.org/odata/ns/edm">
      <EntityContainer Name="EntityContainer">
        <EntitySet Name="Addresses" EntityType="NotesService.Addresses">
          <NavigationPropertyBinding Path="notes" Target="Notes"/>
        </EntitySet>
        <EntitySet Name="Notes" EntityType="NotesService.Notes">
          <NavigationPropertyBinding Path="address" Target="Addresses"/>
          <NavigationPropertyBinding Path="SiblingEntity" Target="Notes"/>
        </EntitySet>
      </EntityContainer>
      <EntityType Name="Addresses">
        <Key>
          <PropertyRef Name="ID"/>
          <PropertyRef Name="businessPartner"/>
        </Key>
        <Property Name="ID" Type="Edm.String" MaxLength="10" Nullable="false"/>
        <Property Name="businessPartner" Type="Edm.String" MaxLength="10" Nullable="false"/>
        <Property Name="country" Type="Edm.String" MaxLength="3"/>
        <Property Name="city" Type="Edm.String" MaxLength="40"/>
        <Property Name="postalCode" Type="Edm.String" MaxLength="10"/>
        <Property Name="street" Type="Edm.String" MaxLength="60"/>
        <Property Name="houseNumber" Type="Edm.String" MaxLength="10"/>
        <NavigationProperty Name="notes" Type="Collection(NotesService.Notes)">
          <OnDelete Action="Cascade"/>
        </NavigationProperty>
      </EntityType>
      <EntityType Name="Notes">
        <Key>
          <PropertyRef Name="ID"/>
          <PropertyRef Name="IsActiveEntity"/>
        </Key>
        <Property Name="ID" Type="Edm.Guid" Nullable="false"/>
        <Property Name="note" Type="Edm.String"/>
        <NavigationProperty Name="address" Type="NotesService.Addresses">
          <ReferentialConstraint Property="address_ID" ReferencedProperty="ID"/>
          <ReferentialConstraint Property="address_businessPartner" ReferencedProperty="businessPartner"/>
        </NavigationProperty>
        <Property Name="address_ID" Type="Edm.String" MaxLength="10"/>
        <Property Name="address_businessPartner" Type="Edm.String" MaxLength="10"/>
        <Property Name="IsActiveEntity" Type="Edm.Boolean" Nullable="false" DefaultValue="true"/>
        <Property Name="HasActiveEntity" Type="Edm.Boolean" Nullable="false" DefaultValue="false"/>
        <Property Name="HasDraftEntity" Type="Edm.Boolean" Nullable="false" DefaultValue="false"/>
        <NavigationProperty Name="DraftAdministrativeData" Type="NotesService.DraftAdministrativeData" ContainsTarget="true"/>
        <NavigationProperty Name="SiblingEntity" Type="NotesService.Notes"/>
      </EntityType>
      <EntityType Name="DraftAdministrativeData">
        <Key>
          <PropertyRef Name="DraftUUID"/>
        </Key>
        <Property Name="DraftUUID" Type="Edm.Guid" Nullable="false"/>
        <Property Name="CreationDateTime" Type="Edm.DateTimeOffset" Precision="7"/>
        <Property Name="CreatedByUser" Type="Edm.String" MaxLength="256"/>
        <Property Name="DraftIsCreatedByMe" Type="Edm.Boolean"/>
        <Property Name="LastChangeDateTime" Type="Edm.DateTimeOffset" Precision="7"/>
        <Property Name="LastChangedByUser" Type="Edm.String" MaxLength="256"/>
        <Property Name="InProcessByUser" Type="Edm.String" MaxLength="256"/>
        <Property Name="DraftIsProcessedByMe" Type="Edm.Boolean"/>
      </EntityType>
      <Action Name="draftPrepare" IsBound="true" EntitySetPath="in">
        <Parameter Name="in" Type="NotesService.Notes"/>
        <Parameter Name="SideEffectsQualifier" Type="Edm.String"/>
        <ReturnType Type="NotesService.Notes"/>
      </Action>
      <Action Name="draftActivate" IsBound="true" EntitySetPath="in">
        <Parameter Name="in" Type="NotesService.Notes"/>
        <ReturnType Type="NotesService.Notes"/>
      </Action>
      <Action Name="draftEdit" IsBound="true" EntitySetPath="in">
        <Parameter Name="in" Type="NotesService.Notes"/>
        <Parameter Name="PreserveChanges" Type="Edm.Boolean"/>
        <ReturnType Type="NotesService.Notes"/>
      </Action>
      <Annotations Target="NotesService.Addresses">
        <Annotation Term="UI.LineItem">
          <Collection>
            <Record Type="UI.DataField">
              <PropertyValue Property="Value" Path="businessPartner"/>
              <PropertyValue Property="Label" String="Kontakt"/>
            </Record>
            <Record Type="UI.DataField">
              <PropertyValue Property="Value" Path="ID"/>
              <PropertyValue Property="Label" String="ID"/>
            </Record>
            <Record Type="UI.DataField">
              <PropertyValue Property="Value" Path="street"/>
              <PropertyValue Property="Label" String="Straße"/>
            </Record>
            <Record Type="UI.DataField">
              <PropertyValue Property="Value" Path="city"/>
              <PropertyValue Property="Label" String="Stadt"/>
            </Record>
            <Record Type="UI.DataField">
              <PropertyValue Property="Value" Path="country"/>
              <PropertyValue Property="Label" String="Land"/>
            </Record>
          </Collection>
        </Annotation>
        <Annotation Term="UI.HeaderInfo">
          <Record Type="UI.HeaderInfoType">
            <PropertyValue Property="TypeName" String="Lieferaddresse"/>
            <PropertyValue Property="TypeNamePlural" String="Lieferaddressen"/>
            <PropertyValue Property="Title">
              <Record Type="UI.DataField">
                <PropertyValue Property="Value" Path="ID"/>
              </Record>
            </PropertyValue>
            <PropertyValue Property="Description">
              <Record Type="UI.DataField">
                <PropertyValue Property="Value" Path="businessPartner"/>
              </Record>
            </PropertyValue>
          </Record>
        </Annotation>
        <Annotation Term="UI.PresentationVariant">
          <Record Type="UI.PresentationVariantType">
            <PropertyValue Property="Text" String="Default"/>
            <PropertyValue Property="Visualizations">
              <Collection>
                <AnnotationPath>@UI.LineItem</AnnotationPath>
              </Collection>
            </PropertyValue>
          </Record>
        </Annotation>
        <Annotation Term="UI.Facets">
          <Collection>
            <Record Type="UI.ReferenceFacet">
              <PropertyValue Property="Target" AnnotationPath="@UI.FieldGroup#Address"/>
              <PropertyValue Property="Label" String="Lieferaddresse"/>
            </Record>
            <Record Type="UI.ReferenceFacet">
              <PropertyValue Property="Label" String="Notizen"/>
              <PropertyValue Property="Target" AnnotationPath="notes/@UI.LineItem"/>
            </Record>
          </Collection>
        </Annotation>
        <Annotation Term="UI.FieldGroup" Qualifier="Address">
          <Record Type="UI.FieldGroupType">
            <PropertyValue Property="Data">
              <Collection>
                <Record Type="UI.DataField">
                  <PropertyValue Property="Value" Path="street"/>
                  <PropertyValue Property="Label" String="Straße"/>
                </Record>
                <Record Type="UI.DataField">
                  <PropertyValue Property="Value" Path="houseNumber"/>
                  <PropertyValue Property="Label" String="Hausnummer"/>
                </Record>
                <Record Type="UI.DataField">
                  <PropertyValue Property="Value" Path="postalCode"/>
                  <PropertyValue Property="Label" String="Postleitzahl"/>
                </Record>
                <Record Type="UI.DataField">
                  <PropertyValue Property="Value" Path="city"/>
                  <PropertyValue Property="Label" String="Stadt"/>
                </Record>
                <Record Type="UI.DataField">
                  <PropertyValue Property="Value" Path="country"/>
                  <PropertyValue Property="Label" String="Land"/>
                </Record>
              </Collection>
            </PropertyValue>
          </Record>
        </Annotation>
        <Annotation Term="Core.Description" String="Simplified view on external addresses, which is used as an association target in Notes."/>
      </Annotations>
      <Annotations Target="NotesService.EntityContainer/Addresses">
        <Annotation Term="UI.PresentationVariant">
          <Record Type="UI.PresentationVariantType">
            <PropertyValue Property="Text" String="Default"/>
            <PropertyValue Property="Visualizations">
              <Collection>
                <AnnotationPath>@UI.LineItem</AnnotationPath>
              </Collection>
            </PropertyValue>
          </Record>
        </Annotation>
        <Annotation Term="Capabilities.DeleteRestrictions">
          <Record Type="Capabilities.DeleteRestrictionsType">
            <PropertyValue Property="Deletable" Bool="false"/>
          </Record>
        </Annotation>
        <Annotation Term="Capabilities.InsertRestrictions">
          <Record Type="Capabilities.InsertRestrictionsType">
            <PropertyValue Property="Insertable" Bool="false"/>
          </Record>
        </Annotation>
        <Annotation Term="Capabilities.UpdateRestrictions">
          <Record Type="Capabilities.UpdateRestrictionsType">
            <PropertyValue Property="Updatable" Bool="false"/>
          </Record>
        </Annotation>
      </Annotations>
      <Annotations Target="NotesService.Addresses/ID">
        <Annotation Term="UI.HiddenFilter" Bool="true"/>
        <Annotation Term="Common.Label" String="ID"/>
      </Annotations>
      <Annotations Target="NotesService.Addresses/businessPartner">
        <Annotation Term="UI.HiddenFilter" Bool="true"/>
        <Annotation Term="Common.Label" String="Kontakt"/>
      </Annotations>
      <Annotations Target="NotesService.Addresses/country">
        <Annotation Term="Common.Label" String="Land"/>
        <Annotation Term="Core.Computed" Bool="true"/>
      </Annotations>
      <Annotations Target="NotesService.Addresses/city">
        <Annotation Term="Common.Label" String="Stadt"/>
        <Annotation Term="Core.Computed" Bool="true"/>
      </Annotations>
      <Annotations Target="NotesService.Addresses/postalCode">
        <Annotation Term="Core.Computed" Bool="true"/>
      </Annotations>
      <Annotations Target="NotesService.Addresses/street">
        <Annotation Term="Common.Label" String="Straße"/>
        <Annotation Term="Core.Computed" Bool="true"/>
      </Annotations>
      <Annotations Target="NotesService.Addresses/houseNumber">
        <Annotation Term="Core.Computed" Bool="true"/>
      </Annotations>
      <Annotations Target="NotesService.Notes">
        <Annotation Term="UI.LineItem">
          <Collection>
            <Record Type="UI.DataField">
              <PropertyValue Property="Value" Path="address/businessPartner"/>
              <PropertyValue Property="Label" String="Kontakt"/>
            </Record>
            <Record Type="UI.DataField">
              <PropertyValue Property="Value" Path="address/street"/>
              <PropertyValue Property="Label" String="Straße"/>
            </Record>
            <Record Type="UI.DataField">
              <PropertyValue Property="Value" Path="address/city"/>
              <PropertyValue Property="Label" String="Stadt"/>
            </Record>
            <Record Type="UI.DataField">
              <PropertyValue Property="Value" Path="note"/>
              <PropertyValue Property="Label" String="Notiz"/>
            </Record>
          </Collection>
        </Annotation>
        <Annotation Term="UI.HeaderInfo">
          <Record Type="UI.HeaderInfoType">
            <PropertyValue Property="TypeName" String="Notiz"/>
            <PropertyValue Property="TypeNamePlural" String="Notizen"/>
            <PropertyValue Property="Title">
              <Record Type="UI.DataField">
                <PropertyValue Property="Value" String="Notiz"/>
              </Record>
            </PropertyValue>
            <PropertyValue Property="Description">
              <Record Type="UI.DataField">
                <PropertyValue Property="Value" Path="ID"/>
              </Record>
            </PropertyValue>
          </Record>
        </Annotation>
        <Annotation Term="UI.PresentationVariant">
          <Record Type="UI.PresentationVariantType">
            <PropertyValue Property="Text" String="Default"/>
            <PropertyValue Property="Visualizations">
              <Collection>
                <AnnotationPath>@UI.LineItem</AnnotationPath>
              </Collection>
            </PropertyValue>
          </Record>
        </Annotation>
        <Annotation Term="UI.Facets">
          <Collection>
            <Record Type="UI.ReferenceFacet">
              <PropertyValue Property="Target" AnnotationPath="@UI.FieldGroup#Note"/>
              <PropertyValue Property="Label" String="Notiz"/>
            </Record>
            <Record Type="UI.ReferenceFacet">
              <PropertyValue Property="Target" AnnotationPath="@UI.FieldGroup#Address"/>
              <PropertyValue Property="Label" String="Lieferaddresse"/>
            </Record>
          </Collection>
        </Annotation>
        <Annotation Term="UI.FieldGroup" Qualifier="Note">
          <Record Type="UI.FieldGroupType">
            <PropertyValue Property="Data">
              <Collection>
                <Record Type="UI.DataField">
                  <PropertyValue Property="Value" Path="note"/>
                  <PropertyValue Property="Label" String="Notiz"/>
                </Record>
              </Collection>
            </PropertyValue>
          </Record>
        </Annotation>
        <Annotation Term="UI.FieldGroup" Qualifier="Address">
          <Record Type="UI.FieldGroupType">
            <PropertyValue Property="Data">
              <Collection>
                <Record Type="UI.DataField">
                  <PropertyValue Property="Value" Path="address_businessPartner"/>
                  <PropertyValue Property="Label" String="Kontakt"/>
                </Record>
                <Record Type="UI.DataField">
                  <PropertyValue Property="Value" Path="address/ID"/>
                  <PropertyValue Property="Label" String="ID"/>
                </Record>
                <Record Type="UI.DataField">
                  <PropertyValue Property="Value" Path="address/street"/>
                  <PropertyValue Property="Label" String="Straße"/>
                </Record>
                <Record Type="UI.DataField">
                  <PropertyValue Property="Value" Path="address/houseNumber"/>
                  <PropertyValue Property="Label" String="Hausnummer"/>
                </Record>
                <Record Type="UI.DataField">
                  <PropertyValue Property="Value" Path="address/postalCode"/>
                  <PropertyValue Property="Label" String="Postleitzahl"/>
                </Record>
                <Record Type="UI.DataField">
                  <PropertyValue Property="Value" Path="address/city"/>
                  <PropertyValue Property="Label" String="Stadt"/>
                </Record>
                <Record Type="UI.DataField">
                  <PropertyValue Property="Value" Path="address/country"/>
                  <PropertyValue Property="Label" String="Land"/>
                </Record>
              </Collection>
            </PropertyValue>
          </Record>
        </Annotation>
        <Annotation Term="Common.SideEffects" Qualifier="AddressChanges">
          <Record Type="Common.SideEffectsType">
            <PropertyValue Property="SourceProperties">
              <Collection>
                <PropertyPath>address_businessPartner</PropertyPath>
              </Collection>
            </PropertyValue>
            <PropertyValue Property="TargetEntities">
              <Collection>
                <NavigationPropertyPath>address</NavigationPropertyPath>
              </Collection>
            </PropertyValue>
          </Record>
        </Annotation>
      </Annotations>
      <Annotations Target="NotesService.EntityContainer/Notes">
        <Annotation Term="UI.PresentationVariant">
          <Record Type="UI.PresentationVariantType">
            <PropertyValue Property="Text" String="Default"/>
            <PropertyValue Property="Visualizations">
              <Collection>
                <AnnotationPath>@UI.LineItem</AnnotationPath>
              </Collection>
            </PropertyValue>
          </Record>
        </Annotation>
        <Annotation Term="Common.SideEffects" Qualifier="AddressChanges">
          <Record Type="Common.SideEffectsType">
            <PropertyValue Property="SourceProperties">
              <Collection>
                <PropertyPath>address_businessPartner</PropertyPath>
              </Collection>
            </PropertyValue>
            <PropertyValue Property="TargetEntities">
              <Collection>
                <NavigationPropertyPath>address</NavigationPropertyPath>
              </Collection>
            </PropertyValue>
          </Record>
        </Annotation>
        <Annotation Term="Common.DraftRoot">
          <Record Type="Common.DraftRootType">
            <PropertyValue Property="ActivationAction" String="NotesService.draftActivate"/>
            <PropertyValue Property="EditAction" String="NotesService.draftEdit"/>
            <PropertyValue Property="PreparationAction" String="NotesService.draftPrepare"/>
          </Record>
        </Annotation>
      </Annotations>
      <Annotations Target="NotesService.Notes/ID">
        <Annotation Term="UI.HiddenFilter" Bool="true"/>
        <Annotation Term="Core.Computed" Bool="true"/>
        <Annotation Term="Common.Label" String="ID"/>
      </Annotations>
      <Annotations Target="NotesService.Notes/note">
        <Annotation Term="UI.MultiLineText" Bool="true"/>
        <Annotation Term="Common.Label" String="Notiz"/>
      </Annotations>
      <Annotations Target="NotesService.Notes/address_ID">
        <Annotation Term="Common.FieldControl" EnumMember="Common.FieldControlType/Mandatory"/>
        <Annotation Term="Common.ValueList">
          <Record Type="Common.ValueListType">
            <PropertyValue Property="CollectionPath" String="Addresses"/>
            <PropertyValue Property="Label" String="Lieferaddresse"/>
            <PropertyValue Property="SearchSupported" Bool="false"/>
            <PropertyValue Property="Parameters">
              <Collection>
                <Record Type="Common.ValueListParameterOut">
                  <PropertyValue Property="LocalDataProperty" PropertyPath="address_businessPartner"/>
                  <PropertyValue Property="ValueListProperty" String="businessPartner"/>
                </Record>
                <Record Type="Common.ValueListParameterOut">
                  <PropertyValue Property="LocalDataProperty" PropertyPath="address_ID"/>
                  <PropertyValue Property="ValueListProperty" String="ID"/>
                </Record>
                <Record Type="Common.ValueListParameterDisplayOnly">
                  <PropertyValue Property="ValueListProperty" String="postalCode"/>
                </Record>
                <Record Type="Common.ValueListParameterDisplayOnly">
                  <PropertyValue Property="ValueListProperty" String="city"/>
                </Record>
                <Record Type="Common.ValueListParameterDisplayOnly">
                  <PropertyValue Property="ValueListProperty" String="country"/>
                </Record>
                <Record Type="Common.ValueListParameterDisplayOnly">
                  <PropertyValue Property="ValueListProperty" String="street"/>
                </Record>
                <Record Type="Common.ValueListParameterDisplayOnly">
                  <PropertyValue Property="ValueListProperty" String="houseNumber"/>
                </Record>
              </Collection>
            </PropertyValue>
          </Record>
        </Annotation>
      </Annotations>
      <Annotations Target="NotesService.Notes/address_businessPartner">
        <Annotation Term="Common.FieldControl" EnumMember="Common.FieldControlType/Mandatory"/>
        <Annotation Term="Common.ValueList">
          <Record Type="Common.ValueListType">
            <PropertyValue Property="CollectionPath" String="Addresses"/>
            <PropertyValue Property="Label" String="Lieferaddresse"/>
            <PropertyValue Property="SearchSupported" Bool="false"/>
            <PropertyValue Property="Parameters">
              <Collection>
                <Record Type="Common.ValueListParameterOut">
                  <PropertyValue Property="LocalDataProperty" PropertyPath="address_businessPartner"/>
                  <PropertyValue Property="ValueListProperty" String="businessPartner"/>
                </Record>
                <Record Type="Common.ValueListParameterOut">
                  <PropertyValue Property="LocalDataProperty" PropertyPath="address_ID"/>
                  <PropertyValue Property="ValueListProperty" String="ID"/>
                </Record>
                <Record Type="Common.ValueListParameterDisplayOnly">
                  <PropertyValue Property="ValueListProperty" String="postalCode"/>
                </Record>
                <Record Type="Common.ValueListParameterDisplayOnly">
                  <PropertyValue Property="ValueListProperty" String="city"/>
                </Record>
                <Record Type="Common.ValueListParameterDisplayOnly">
                  <PropertyValue Property="ValueListProperty" String="country"/>
                </Record>
                <Record Type="Common.ValueListParameterDisplayOnly">
                  <PropertyValue Property="ValueListProperty" String="street"/>
                </Record>
                <Record Type="Common.ValueListParameterDisplayOnly">
                  <PropertyValue Property="ValueListProperty" String="houseNumber"/>
                </Record>
              </Collection>
            </PropertyValue>
          </Record>
        </Annotation>
      </Annotations>
      <Annotations Target="NotesService.Notes/IsActiveEntity">
        <Annotation Term="UI.Hidden" Bool="true"/>
      </Annotations>
      <Annotations Target="NotesService.Notes/HasActiveEntity">
        <Annotation Term="UI.Hidden" Bool="true"/>
      </Annotations>
      <Annotations Target="NotesService.Notes/HasDraftEntity">
        <Annotation Term="UI.Hidden" Bool="true"/>
      </Annotations>
      <Annotations Target="NotesService.Notes/DraftAdministrativeData">
        <Annotation Term="UI.Hidden" Bool="true"/>
      </Annotations>
      <Annotations Target="NotesService.DraftAdministrativeData">
        <Annotation Term="Common.Label" String="Verwaltungsdaten des Entwurfs"/>
      </Annotations>
      <Annotations Target="NotesService.DraftAdministrativeData/DraftUUID">
        <Annotation Term="UI.Hidden" Bool="true"/>
        <Annotation Term="Common.Label" String="Entwurf (technische ID)"/>
      </Annotations>
      <Annotations Target="NotesService.DraftAdministrativeData/CreationDateTime">
        <Annotation Term="Common.Label" String="Entwurf angelegt am"/>
      </Annotations>
      <Annotations Target="NotesService.DraftAdministrativeData/CreatedByUser">
        <Annotation Term="Common.Label" String="Entwurf angelegt von"/>
      </Annotations>
      <Annotations Target="NotesService.DraftAdministrativeData/DraftIsCreatedByMe">
        <Annotation Term="UI.Hidden" Bool="true"/>
        <Annotation Term="Common.Label" String="Entwurf angelegt von mir"/>
      </Annotations>
      <Annotations Target="NotesService.DraftAdministrativeData/LastChangeDateTime">
        <Annotation Term="Common.Label" String="Entwurf zuletzt geändert am"/>
      </Annotations>
      <Annotations Target="NotesService.DraftAdministrativeData/LastChangedByUser">
        <Annotation Term="Common.Label" String="Entwurf zuletzt geändert von"/>
      </Annotations>
      <Annotations Target="NotesService.DraftAdministrativeData/InProcessByUser">
        <Annotation Term="Common.Label" String="Entwurf in Bearbeitung durch"/>
      </Annotations>
      <Annotations Target="NotesService.DraftAdministrativeData/DraftIsProcessedByMe">
        <Annotation Term="UI.Hidden" Bool="true"/>
        <Annotation Term="Common.Label" String="Entwurf in Bearbeitung durch mich"/>
      </Annotations>
    </Schema>
  </edmx:DataServices>
</edmx:Edmx>