<?xml version="1.0" encoding="utf-8"?>
<edmx:Edmx Version="4.0" xmlns:edmx="http://docs.oasis-open.org/odata/ns/edmx">
  <edmx:Reference Uri="https://oasis-tcs.github.io/odata-vocabularies/vocabularies/Org.OData.Capabilities.V1.xml">
    <edmx:Include Alias="Capabilities" Namespace="Org.OData.Capabilities.V1"/>
  </edmx:Reference>
  <edmx:Reference Uri="https://sap.github.io/odata-vocabularies/vocabularies/Common.xml">
    <edmx:Include Alias="Common" Namespace="com.sap.vocabularies.Common.v1"/>
  </edmx:Reference>
  <edmx:Reference Uri="https://oasis-tcs.github.io/odata-vocabularies/vocabularies/Org.OData.Core.V1.xml">
    <edmx:Include Alias="Core" Namespace="Org.OData.Core.V1"/>
  </edmx:Reference>
  <edmx:Reference Uri="https://sap.github.io/odata-vocabularies/vocabularies/PersonalData.xml">
    <edmx:Include Alias="PersonalData" Namespace="com.sap.vocabularies.PersonalData.v1"/>
  </edmx:Reference>
  <edmx:Reference Uri="https://sap.github.io/odata-vocabularies/vocabularies/UI.xml">
    <edmx:Include Alias="UI" Namespace="com.sap.vocabularies.UI.v1"/>
  </edmx:Reference>
  <edmx:Reference Uri="https://oasis-tcs.github.io/odata-vocabularies/vocabularies/Org.OData.Validation.V1.xml">
    <edmx:Include Alias="Validation" Namespace="Org.OData.Validation.V1"/>
  </edmx:Reference>
  <edmx:DataServices>
    <Schema Namespace="ReviewService" xmlns="http://docs.oasis-open.org/odata/ns/edm">
      <EntityContainer Name="EntityContainer">
        <EntitySet Name="Reviews" EntityType="ReviewService.Reviews">
          <NavigationPropertyBinding Path="book" Target="Books"/>
          <NavigationPropertyBinding Path="SiblingEntity" Target="Reviews"/>
        </EntitySet>
        <EntitySet Name="Books" EntityType="ReviewService.Books">
          <NavigationPropertyBinding Path="author" Target="Authors"/>
          <NavigationPropertyBinding Path="genre" Target="Genres"/>
          <NavigationPropertyBinding Path="currency" Target="Currencies"/>
          <NavigationPropertyBinding Path="reviews" Target="Reviews"/>
          <NavigationPropertyBinding Path="texts" Target="Books_texts"/>
          <NavigationPropertyBinding Path="localized" Target="Books_texts"/>
        </EntitySet>
        <EntitySet Name="Authors" EntityType="ReviewService.Authors">
          <NavigationPropertyBinding Path="books" Target="Books"/>
        </EntitySet>
        <EntitySet Name="Genres" EntityType="ReviewService.Genres">
          <NavigationPropertyBinding Path="parent" Target="Genres"/>
          <NavigationPropertyBinding Path="children" Target="Genres"/>
          <NavigationPropertyBinding Path="texts" Target="Genres_texts"/>
          <NavigationPropertyBinding Path="localized" Target="Genres_texts"/>
        </EntitySet>
        <EntitySet Name="Currencies" EntityType="ReviewService.Currencies">
          <NavigationPropertyBinding Path="texts" Target="Currencies_texts"/>
          <NavigationPropertyBinding Path="localized" Target="Currencies_texts"/>
        </EntitySet>
        <EntitySet Name="Books_texts" EntityType="ReviewService.Books_texts"/>
        <EntitySet Name="Genres_texts" EntityType="ReviewService.Genres_texts"/>
        <EntitySet Name="Currencies_texts" EntityType="ReviewService.Currencies_texts"/>
      </EntityContainer>
      <EntityType Name="Reviews">
        <Key>
          <PropertyRef Name="ID"/>
          <PropertyRef Name="IsActiveEntity"/>
        </Key>
        <Property Name="ID" Type="Edm.Guid" Nullable="false"/>
        <Property Name="createdAt" Type="Edm.DateTimeOffset" Precision="7"/>
        <Property Name="createdBy" Type="Edm.String" MaxLength="255"/>
        <Property Name="modifiedAt" Type="Edm.DateTimeOffset" Precision="7"/>
        <Property Name="modifiedBy" Type="Edm.String" MaxLength="255"/>
        <NavigationProperty Name="book" Type="ReviewService.Books" Partner="reviews">
          <ReferentialConstraint Property="book_ID" ReferencedProperty="ID"/>
        </NavigationProperty>
        <Property Name="book_ID" Type="Edm.Guid"/>
        <Property Name="rating" Type="Edm.Int32"/>
        <Property Name="title" Type="Edm.String" MaxLength="111"/>
        <Property Name="text" Type="Edm.String" MaxLength="1111"/>
        <Property Name="IsActiveEntity" Type="Edm.Boolean" Nullable="false" DefaultValue="true"/>
        <Property Name="HasActiveEntity" Type="Edm.Boolean" Nullable="false" DefaultValue="false"/>
        <Property Name="HasDraftEntity" Type="Edm.Boolean" Nullable="false" DefaultValue="false"/>
        <NavigationProperty Name="DraftAdministrativeData" Type="ReviewService.DraftAdministrativeData" ContainsTarget="true"/>
        <NavigationProperty Name="SiblingEntity" Type="ReviewService.Reviews"/>
      </EntityType>
      <EntityType Name="Books">
        <Key>
          <PropertyRef Name="ID"/>
        </Key>
        <Property Name="ID" Type="Edm.Guid" Nullable="false"/>
        <Property Name="createdAt" Type="Edm.DateTimeOffset" Precision="7"/>
        <Property Name="modifiedAt" Type="Edm.DateTimeOffset" Precision="7"/>
        <Property Name="title" Type="Edm.String" MaxLength="111"/>
        <Property Name="descr" Type="Edm.String" MaxLength="1111"/>
        <NavigationProperty Name="author" Type="ReviewService.Authors" Partner="books">
          <ReferentialConstraint Property="author_ID" ReferencedProperty="ID"/>
        </NavigationProperty>
        <Property Name="author_ID" Type="Edm.Guid"/>
        <NavigationProperty Name="genre" Type="ReviewService.Genres">
          <ReferentialConstraint Property="genre_ID" ReferencedProperty="ID"/>
        </NavigationProperty>
        <Property Name="genre_ID" Type="Edm.Int32"/>
        <Property Name="stock" Type="Edm.Int32"/>
        <Property Name="price" Type="Edm.Decimal" Scale="2" Precision="9"/>
        <NavigationProperty Name="currency" Type="ReviewService.Currencies">
          <ReferentialConstraint Property="currency_code" ReferencedProperty="code"/>
        </NavigationProperty>
        <Property Name="currency_code" Type="Edm.String" MaxLength="3"/>
        <Property Name="rating" Type="Edm.Decimal" Scale="1" Precision="2"/>
        <NavigationProperty Name="reviews" Type="Collection(ReviewService.Reviews)" Partner="book"/>
        <Property Name="isReviewable" Type="Edm.Boolean" Nullable="false" DefaultValue="true"/>
        <NavigationProperty Name="texts" Type="Collection(ReviewService.Books_texts)">
          <OnDelete Action="Cascade"/>
        </NavigationProperty>
        <NavigationProperty Name="localized" Type="ReviewService.Books_texts"/>
      </EntityType>
      <EntityType Name="Authors">
        <Key>
          <PropertyRef Name="ID"/>
        </Key>
        <Property Name="ID" Type="Edm.Guid" Nullable="false"/>
        <Property Name="createdAt" Type="Edm.DateTimeOffset" Precision="7"/>
        <Property Name="createdBy" Type="Edm.String" MaxLength="255"/>
        <Property Name="modifiedAt" Type="Edm.DateTimeOffset" Precision="7"/>
        <Property Name="modifiedBy" Type="Edm.String" MaxLength="255"/>
        <Property Name="name" Type="Edm.String" MaxLength="111"/>
        <Property Name="dateOfBirth" Type="Edm.Date"/>
        <Property Name="dateOfDeath" Type="Edm.Date"/>
        <Property Name="placeOfBirth" Type="Edm.String"/>
        <Property Name="placeOfDeath" Type="Edm.String"/>
        <NavigationProperty Name="books" Type="Collection(ReviewService.Books)" Partner="author"/>
      </EntityType>
      <EntityType Name="Genres">
        <Key>
          <PropertyRef Name="ID"/>
        </Key>
        <Property Name="name" Type="Edm.String" MaxLength="255"/>
        <Property Name="descr" Type="Edm.String" MaxLength="1000"/>
        <Property Name="ID" Type="Edm.Int32" Nullable="false"/>
        <NavigationProperty Name="parent" Type="ReviewService.Genres" Partner="children">
          <ReferentialConstraint Property="parent_ID" ReferencedProperty="ID"/>
        </NavigationProperty>
        <Property Name="parent_ID" Type="Edm.Int32"/>
        <NavigationProperty Name="children" Type="Collection(ReviewService.Genres)" Partner="parent">
          <OnDelete Action="Cascade"/>
        </NavigationProperty>
        <NavigationProperty Name="texts" Type="Collection(ReviewService.Genres_texts)">
          <OnDelete Action="Cascade"/>
        </NavigationProperty>
        <NavigationProperty Name="localized" Type="ReviewService.Genres_texts">
          <ReferentialConstraint Property="ID" ReferencedProperty="ID"/>
        </NavigationProperty>
      </EntityType>
      <EntityType Name="Currencies">
        <Key>
          <PropertyRef Name="code"/>
        </Key>
        <Property Name="name" Type="Edm.String" MaxLength="255"/>
        <Property Name="descr" Type="Edm.String" MaxLength="1000"/>
        <Property Name="code" Type="Edm.String" MaxLength="3" Nullable="false"/>
        <Property Name="symbol" Type="Edm.String" MaxLength="5"/>
        <NavigationProperty Name="texts" Type="Collection(ReviewService.Currencies_texts)">
          <OnDelete Action="Cascade"/>
        </NavigationProperty>
        <NavigationProperty Name="localized" Type="ReviewService.Currencies_texts">
          <ReferentialConstraint Property="code" ReferencedProperty="code"/>
        </NavigationProperty>
      </EntityType>
      <EntityType Name="DraftAdministrativeData">
        <Key>
          <PropertyRef Name="DraftUUID"/>
        </Key>
        <Property Name="DraftUUID" Type="Edm.Guid" Nullable="false"/>
        <Property Name="CreationDateTime" Type="Edm.DateTimeOffset" Precision="7"/>
        <Property Name="CreatedByUser" Type="Edm.String" MaxLength="256"/>
        <Property Name="DraftIsCreatedByMe" Type="Edm.Boolean"/>
        <Property Name="LastChangeDateTime" Type="Edm.DateTimeOffset" Precision="7"/>
        <Property Name="LastChangedByUser" Type="Edm.String" MaxLength="256"/>
        <Property Name="InProcessByUser" Type="Edm.String" MaxLength="256"/>
        <Property Name="DraftIsProcessedByMe" Type="Edm.Boolean"/>
      </EntityType>
      <EntityType Name="Books_texts">
        <Key>
          <PropertyRef Name="ID_texts"/>
        </Key>
        <Property Name="ID_texts" Type="Edm.Guid" Nullable="false"/>
        <Property Name="locale" Type="Edm.String" MaxLength="14"/>
        <Property Name="ID" Type="Edm.Guid"/>
        <Property Name="title" Type="Edm.String" MaxLength="111"/>
        <Property Name="descr" Type="Edm.String" MaxLength="1111"/>
      </EntityType>
      <EntityType Name="Genres_texts">
        <Key>
          <PropertyRef Name="locale"/>
          <PropertyRef Name="ID"/>
        </Key>
        <Property Name="locale" Type="Edm.String" MaxLength="14" Nullable="false"/>
        <Property Name="name" Type="Edm.String" MaxLength="255"/>
        <Property Name="descr" Type="Edm.String" MaxLength="1000"/>
        <Property Name="ID" Type="Edm.Int32" Nullable="false"/>
      </EntityType>
      <EntityType Name="Currencies_texts">
        <Key>
          <PropertyRef Name="locale"/>
          <PropertyRef Name="code"/>
        </Key>
        <Property Name="locale" Type="Edm.String" MaxLength="14" Nullable="false"/>
        <Property Name="name" Type="Edm.String" MaxLength="255"/>
        <Property Name="descr" Type="Edm.String" MaxLength="1000"/>
        <Property Name="code" Type="Edm.String" MaxLength="3" Nullable="false"/>
      </EntityType>
      <Action Name="draftPrepare" IsBound="true" EntitySetPath="in">
        <Parameter Name="in" Type="ReviewService.Reviews"/>
        <Parameter Name="SideEffectsQualifier" Type="Edm.String"/>
        <ReturnType Type="ReviewService.Reviews"/>
      </Action>
      <Action Name="draftActivate" IsBound="true" EntitySetPath="in">
        <Parameter Name="in" Type="ReviewService.Reviews"/>
        <ReturnType Type="ReviewService.Reviews"/>
      </Action>
      <Action Name="draftEdit" IsBound="true" EntitySetPath="in">
        <Parameter Name="in" Type="ReviewService.Reviews"/>
        <Parameter Name="PreserveChanges" Type="Edm.Boolean"/>
        <ReturnType Type="ReviewService.Reviews"/>
      </Action>
      <Annotations Target="ReviewService.Reviews">
        <Annotation Term="UI.HeaderInfo">
          <Record Type="UI.HeaderInfoType">
            <PropertyValue Property="TypeName" String="Review"/>
            <PropertyValue Property="TypeNamePlural" String="Reviews"/>
            <PropertyValue Property="Title">
              <Record Type="UI.DataField">
                <PropertyValue Property="Value" Path="title"/>
              </Record>
            </PropertyValue>
            <PropertyValue Property="Description">
              <Record Type="UI.DataField">
                <PropertyValue Property="Value" Path="createdBy"/>
              </Record>
            </PropertyValue>
          </Record>
        </Annotation>
        <Annotation Term="UI.PresentationVariant">
          <Record Type="UI.PresentationVariantType">
            <PropertyValue Property="Text" String="Default"/>
            <PropertyValue Property="SortOrder">
              <Collection>
                <Record Type="Common.SortOrderType">
                  <PropertyValue Property="Property" PropertyPath="modifiedAt"/>
                  <PropertyValue Property="Descending" Bool="true"/>
                </Record>
              </Collection>
            </PropertyValue>
            <PropertyValue Property="Visualizations">
              <Collection>
                <AnnotationPath>@UI.LineItem</AnnotationPath>
              </Collection>
            </PropertyValue>
          </Record>
        </Annotation>
        <Annotation Term="UI.SelectionFields">
          <Collection>
            <PropertyPath>book_ID</PropertyPath>
            <PropertyPath>rating</PropertyPath>
          </Collection>
        </Annotation>
        <Annotation Term="UI.HeaderFacets">
          <Collection>
            <Record Type="UI.ReferenceFacet">
              <PropertyValue Property="Target" AnnotationPath="@UI.DataPoint#rating"/>
            </Record>
          </Collection>
        </Annotation>
        <Annotation Term="UI.Facets">
          <Collection>
            <Record Type="UI.ReferenceFacet">
              <PropertyValue Property="Target" AnnotationPath="@UI.FieldGroup#General"/>
              <PropertyValue Property="Label" String="General"/>
            </Record>
            <Record Type="UI.ReferenceFacet">
              <PropertyValue Property="Target" AnnotationPath="@UI.FieldGroup#Review"/>
              <PropertyValue Property="Label" String="Review"/>
            </Record>
          </Collection>
        </Annotation>
        <Annotation Term="UI.FieldGroup" Qualifier="General">
          <Record Type="UI.FieldGroupType">
            <PropertyValue Property="Data">
              <Collection>
                <Record Type="UI.DataField">
                  <PropertyValue Property="Value" Path="createdAt"/>
                  <PropertyValue Property="Label" String="Created"/>
                </Record>
                <Record Type="UI.DataField">
                  <PropertyValue Property="Value" Path="createdBy"/>
                  <PropertyValue Property="Label" String="Created By"/>
                </Record>
                <Record Type="UI.DataField">
                  <PropertyValue Property="Value" Path="modifiedAt"/>
                  <PropertyValue Property="Label" String="Modified"/>
                </Record>
                <Record Type="UI.DataField">
                  <PropertyValue Property="Value" Path="modifiedBy"/>
                  <PropertyValue Property="Label" String="Modified By"/>
                </Record>
                <Record Type="UI.DataField">
                  <PropertyValue Property="Value" Path="book_ID"/>
                </Record>
              </Collection>
            </PropertyValue>
          </Record>
        </Annotation>
        <Annotation Term="UI.FieldGroup" Qualifier="Review">
          <Record Type="UI.FieldGroupType">
            <PropertyValue Property="Data">
              <Collection>
                <Record Type="UI.DataField">
                  <PropertyValue Property="Value" Path="rating"/>
                  <PropertyValue Property="Label" String="Rating"/>
                </Record>
                <Record Type="UI.DataField">
                  <PropertyValue Property="Value" Path="title"/>
                  <PropertyValue Property="Label" String="Title"/>
                </Record>
                <Record Type="UI.DataField">
                  <PropertyValue Property="Value" Path="text"/>
                  <PropertyValue Property="Label" String="Text"/>
                </Record>
              </Collection>
            </PropertyValue>
          </Record>
        </Annotation>
        <Annotation Term="UI.FieldGroup" Qualifier="BookAndAuthor">
          <Record Type="UI.FieldGroupType">
            <PropertyValue Property="Data">
              <Collection>
                <Record Type="UI.DataField">
                  <PropertyValue Property="Value" Path="book/title"/>
                </Record>
                <Record Type="UI.DataField">
                  <PropertyValue Property="Value" Path="book/author/name"/>
                </Record>
              </Collection>
            </PropertyValue>
          </Record>
        </Annotation>
        <Annotation Term="UI.DataPoint" Qualifier="rating">
          <Record Type="UI.DataPointType">
            <PropertyValue Property="Title" String="Rating"/>
            <PropertyValue Property="Value" Path="rating"/>
            <PropertyValue Property="Visualization" EnumMember="UI.VisualizationType/Rating"/>
            <PropertyValue Property="MinimumValue" Decimal="0"/>
            <PropertyValue Property="MaximumValue" Decimal="5"/>
          </Record>
        </Annotation>
        <Annotation Term="UI.Identification">
          <Collection>
            <Record Type="UI.DataField">
              <PropertyValue Property="Value" Path="ID"/>
              <Annotation Term="UI.Hidden" Bool="true"/>
            </Record>
            <Record Type="UI.DataField">
              <PropertyValue Property="Value" Path="title"/>
            </Record>
          </Collection>
        </Annotation>
        <Annotation Term="UI.LineItem">
          <Collection>
            <Record Type="UI.DataField">
              <PropertyValue Property="Value" Path="modifiedAt"/>
              <PropertyValue Property="Label" String="Date"/>
            </Record>
            <Record Type="UI.DataField">
              <PropertyValue Property="Value" Path="createdBy"/>
              <PropertyValue Property="Label" String="User"/>
            </Record>
            <Record Type="UI.DataFieldForAnnotation">
              <PropertyValue Property="Label" String="Book"/>
              <PropertyValue Property="Target" AnnotationPath="@UI.FieldGroup#BookAndAuthor"/>
            </Record>
            <Record Type="UI.DataFieldForAnnotation">
              <PropertyValue Property="Label" String="Rating"/>
              <PropertyValue Property="Target" AnnotationPath="@UI.DataPoint#rating"/>
            </Record>
            <Record Type="UI.DataField">
              <PropertyValue Property="Value" Path="title"/>
              <PropertyValue Property="Label" String="Review"/>
            </Record>
          </Collection>
        </Annotation>
      </Annotations>
      <Annotations Target="ReviewService.EntityContainer/Reviews">
        <Annotation Term="UI.PresentationVariant">
          <Record Type="UI.PresentationVariantType">
            <PropertyValue Property="Text" String="Default"/>
            <PropertyValue Property="SortOrder">
              <Collection>
                <Record Type="Common.SortOrderType">
                  <PropertyValue Property="Property" PropertyPath="modifiedAt"/>
                  <PropertyValue Property="Descending" Bool="true"/>
                </Record>
              </Collection>
            </PropertyValue>
            <PropertyValue Property="Visualizations">
              <Collection>
                <AnnotationPath>@UI.LineItem</AnnotationPath>
              </Collection>
            </PropertyValue>
          </Record>
        </Annotation>
        <Annotation Term="Common.DraftRoot">
          <Record Type="Common.DraftRootType">
            <PropertyValue Property="ActivationAction" String="ReviewService.draftActivate"/>
            <PropertyValue Property="EditAction" String="ReviewService.draftEdit"/>
            <PropertyValue Property="PreparationAction" String="ReviewService.draftPrepare"/>
          </Record>
        </Annotation>
      </Annotations>
      <Annotations Target="ReviewService.Reviews/ID">
        <Annotation Term="UI.HiddenFilter" Bool="true"/>
        <Annotation Term="Core.Computed" Bool="true"/>
        <Annotation Term="Common.Label" String="ID"/>
      </Annotations>
      <Annotations Target="ReviewService.Reviews/createdAt">
        <Annotation Term="UI.HiddenFilter" Bool="true"/>
        <Annotation Term="Core.Immutable" Bool="true"/>
        <Annotation Term="Core.Computed" Bool="true"/>
        <Annotation Term="Common.Label" String="Created On"/>
      </Annotations>
      <Annotations Target="ReviewService.Reviews/createdBy">
        <Annotation Term="UI.HiddenFilter" Bool="true"/>
        <Annotation Term="Core.Immutable" Bool="true"/>
        <Annotation Term="Core.Computed" Bool="true"/>
        <Annotation Term="Core.Description" String="A user's unique ID"/>
        <Annotation Term="Common.Label" String="Created By"/>
      </Annotations>
      <Annotations Target="ReviewService.Reviews/modifiedAt">
        <Annotation Term="UI.HiddenFilter" Bool="true"/>
        <Annotation Term="Core.Computed" Bool="true"/>
        <Annotation Term="Common.Label" String="Changed On"/>
      </Annotations>
      <Annotations Target="ReviewService.Reviews/modifiedBy">
        <Annotation Term="UI.HiddenFilter" Bool="true"/>
        <Annotation Term="Core.Computed" Bool="true"/>
        <Annotation Term="Core.Description" String="A user's unique ID"/>
        <Annotation Term="Common.Label" String="Changed By"/>
      </Annotations>
      <Annotations Target="ReviewService.Reviews/book">
        <Annotation Term="Common.Label" String="Book"/>
      </Annotations>
      <Annotations Target="ReviewService.Reviews/book_ID">
        <Annotation Term="Common.Text" Path="book/title">
          <Annotation Term="UI.TextArrangement" EnumMember="UI.TextArrangementType/TextOnly"/>
        </Annotation>
        <Annotation Term="Common.ValueList">
          <Record Type="Common.ValueListType">
            <PropertyValue Property="Label" String="Book"/>
            <PropertyValue Property="CollectionPath" String="Books"/>
            <PropertyValue Property="Parameters">
              <Collection>
                <Record Type="Common.ValueListParameterInOut">
                  <PropertyValue Property="LocalDataProperty" PropertyPath="book_ID"/>
                  <PropertyValue Property="ValueListProperty" String="ID"/>
                </Record>
                <Record Type="Common.ValueListParameterDisplayOnly">
                  <PropertyValue Property="ValueListProperty" String="title"/>
                </Record>
              </Collection>
            </PropertyValue>
          </Record>
        </Annotation>
        <Annotation Term="Common.Label" String="Book"/>
      </Annotations>
      <Annotations Target="ReviewService.Reviews/rating">
        <Annotation Term="Common.Label" String="Rating"/>
        <Annotation Term="Validation.AllowedValues">
          <Collection>
            <Record Type="Validation.AllowedValue">
              <Annotation Term="Core.SymbolicName" String="Best"/>
              <PropertyValue Property="Value" Int="5"/>
            </Record>
            <Record Type="Validation.AllowedValue">
              <Annotation Term="Core.SymbolicName" String="Good"/>
              <PropertyValue Property="Value" Int="4"/>
            </Record>
            <Record Type="Validation.AllowedValue">
              <Annotation Term="Core.SymbolicName" String="Avg"/>
              <PropertyValue Property="Value" Int="3"/>
            </Record>
            <Record Type="Validation.AllowedValue">
              <Annotation Term="Core.SymbolicName" String="Poor"/>
              <PropertyValue Property="Value" Int="2"/>
            </Record>
            <Record Type="Validation.AllowedValue">
              <Annotation Term="Core.SymbolicName" String="Worst"/>
              <PropertyValue Property="Value" Int="1"/>
            </Record>
          </Collection>
        </Annotation>
      </Annotations>
      <Annotations Target="ReviewService.Reviews/title">
        <Annotation Term="Common.Label" String="Title"/>
        <Annotation Term="Common.FieldControl" EnumMember="Common.FieldControlType/Mandatory"/>
      </Annotations>
      <Annotations Target="ReviewService.Reviews/text">
        <Annotation Term="UI.MultiLineText" Bool="true"/>
        <Annotation Term="Common.Label" String="Text"/>
      </Annotations>
      <Annotations Target="ReviewService.Reviews/IsActiveEntity">
        <Annotation Term="UI.Hidden" Bool="true"/>
      </Annotations>
      <Annotations Target="ReviewService.Reviews/HasActiveEntity">
        <Annotation Term="UI.Hidden" Bool="true"/>
      </Annotations>
      <Annotations Target="ReviewService.Reviews/HasDraftEntity">
        <Annotation Term="UI.Hidden" Bool="true"/>
      </Annotations>
      <Annotations Target="ReviewService.Reviews/DraftAdministrativeData">
        <Annotation Term="UI.Hidden" Bool="true"/>
      </Annotations>
      <Annotations Target="ReviewService.Books">
        <Annotation Term="Common.SemanticKey">
          <Collection>
            <PropertyPath>title</PropertyPath>
          </Collection>
        </Annotation>
        <Annotation Term="UI.Identification">
          <Collection>
            <Record Type="UI.DataField">
              <PropertyValue Property="Value" Path="title"/>
            </Record>
          </Collection>
        </Annotation>
        <Annotation Term="UI.SelectionFields">
          <Collection>
            <PropertyPath>ID</PropertyPath>
            <PropertyPath>author_ID</PropertyPath>
            <PropertyPath>price</PropertyPath>
            <PropertyPath>currency_code</PropertyPath>
          </Collection>
        </Annotation>
        <Annotation Term="UI.LineItem">
          <Collection>
            <Record Type="UI.DataField">
              <PropertyValue Property="Value" Path="ID"/>
            </Record>
            <Record Type="UI.DataField">
              <PropertyValue Property="Value" Path="title"/>
            </Record>
            <Record Type="UI.DataField">
              <PropertyValue Property="Value" Path="author/name"/>
              <PropertyValue Property="Label" String="Author"/>
            </Record>
            <Record Type="UI.DataField">
              <PropertyValue Property="Value" Path="genre/name"/>
            </Record>
            <Record Type="UI.DataField">
              <PropertyValue Property="Value" Path="stock"/>
            </Record>
            <Record Type="UI.DataField">
              <PropertyValue Property="Value" Path="price"/>
            </Record>
            <Record Type="UI.DataField">
              <PropertyValue Property="Value" Path="currency/symbol"/>
              <PropertyValue Property="Label" String=" "/>
            </Record>
            <Record Type="UI.DataFieldForAction">
              <PropertyValue Property="Label" String="Add to Order"/>
              <PropertyValue Property="Action" String="AdminService.addToOrder"/>
            </Record>
          </Collection>
        </Annotation>
        <Annotation Term="UI.HeaderInfo">
          <Record Type="UI.HeaderInfoType">
            <PropertyValue Property="TypeName" String="Book"/>
            <PropertyValue Property="TypeNamePlural" String="Books"/>
            <PropertyValue Property="TypeImageUrl" String="sap-icon://course-book"/>
            <PropertyValue Property="Title">
              <Record Type="UI.DataField">
                <PropertyValue Property="Value" Path="title"/>
              </Record>
            </PropertyValue>
            <PropertyValue Property="Description">
              <Record Type="UI.DataField">
                <PropertyValue Property="Value" Path="author/name"/>
              </Record>
            </PropertyValue>
          </Record>
        </Annotation>
      </Annotations>
      <Annotations Target="ReviewService.EntityContainer/Books">
        <Annotation Term="Capabilities.DeleteRestrictions">
          <Record Type="Capabilities.DeleteRestrictionsType">
            <PropertyValue Property="Deletable" Bool="false"/>
          </Record>
        </Annotation>
        <Annotation Term="Capabilities.InsertRestrictions">
          <Record Type="Capabilities.InsertRestrictionsType">
            <PropertyValue Property="Insertable" Bool="false"/>
          </Record>
        </Annotation>
        <Annotation Term="Capabilities.UpdateRestrictions">
          <Record Type="Capabilities.UpdateRestrictionsType">
            <PropertyValue Property="Updatable" Bool="false"/>
          </Record>
        </Annotation>
      </Annotations>
      <Annotations Target="ReviewService.Books/ID">
        <Annotation Term="UI.HiddenFilter" Bool="true"/>
        <Annotation Term="Core.Computed" Bool="true"/>
        <Annotation Term="Common.Label" String="ID"/>
      </Annotations>
      <Annotations Target="ReviewService.Books/createdAt">
        <Annotation Term="UI.HiddenFilter" Bool="true"/>
        <Annotation Term="Core.Immutable" Bool="true"/>
        <Annotation Term="Core.Computed" Bool="true"/>
        <Annotation Term="Common.Label" String="Created On"/>
      </Annotations>
      <Annotations Target="ReviewService.Books/modifiedAt">
        <Annotation Term="UI.HiddenFilter" Bool="true"/>
        <Annotation Term="Core.Computed" Bool="true"/>
        <Annotation Term="Common.Label" String="Changed On"/>
      </Annotations>
      <Annotations Target="ReviewService.Books/title">
        <Annotation Term="Common.Label" String="Title"/>
      </Annotations>
      <Annotations Target="ReviewService.Books/descr">
        <Annotation Term="UI.MultiLineText" Bool="true"/>
        <Annotation Term="Common.Label" String="Description"/>
      </Annotations>
      <Annotations Target="ReviewService.Books/author">
        <Annotation Term="Common.Label" String="Author"/>
      </Annotations>
      <Annotations Target="ReviewService.Books/author_ID">
        <Annotation Term="Common.Text" Path="author/name">
          <Annotation Term="UI.TextArrangement" EnumMember="UI.TextArrangementType/TextOnly"/>
        </Annotation>
        <Annotation Term="Common.ValueList">
          <Record Type="Common.ValueListType">
            <PropertyValue Property="Label" String="Author"/>
            <PropertyValue Property="CollectionPath" String="Authors"/>
            <PropertyValue Property="Parameters">
              <Collection>
                <Record Type="Common.ValueListParameterInOut">
                  <PropertyValue Property="LocalDataProperty" PropertyPath="author_ID"/>
                  <PropertyValue Property="ValueListProperty" String="ID"/>
                </Record>
                <Record Type="Common.ValueListParameterDisplayOnly">
                  <PropertyValue Property="ValueListProperty" String="name"/>
                </Record>
              </Collection>
            </PropertyValue>
          </Record>
        </Annotation>
        <Annotation Term="Common.Label" String="Author"/>
      </Annotations>
      <Annotations Target="ReviewService.Books/genre">
        <Annotation Term="Common.Label" String="Genre"/>
      </Annotations>
      <Annotations Target="ReviewService.Books/genre_ID">
        <Annotation Term="Common.Text" Path="genre/name">
          <Annotation Term="UI.TextArrangement" EnumMember="UI.TextArrangementType/TextOnly"/>
        </Annotation>
        <Annotation Term="Common.Label" String="Genre"/>
        <Annotation Term="Common.ValueList">
          <Record Type="Common.ValueListType">
            <PropertyValue Property="Label" String="Genre"/>
            <PropertyValue Property="CollectionPath" String="Genres"/>
            <PropertyValue Property="Parameters">
              <Collection>
                <Record Type="Common.ValueListParameterInOut">
                  <PropertyValue Property="LocalDataProperty" PropertyPath="genre_ID"/>
                  <PropertyValue Property="ValueListProperty" String="ID"/>
                </Record>
                <Record Type="Common.ValueListParameterDisplayOnly">
                  <PropertyValue Property="ValueListProperty" String="name"/>
                </Record>
              </Collection>
            </PropertyValue>
          </Record>
        </Annotation>
      </Annotations>
      <Annotations Target="ReviewService.Books/stock">
        <Annotation Term="Common.Label" String="Stock"/>
      </Annotations>
      <Annotations Target="ReviewService.Books/price">
        <Annotation Term="Common.Label" String="Price"/>
      </Annotations>
      <Annotations Target="ReviewService.Books/currency">
        <Annotation Term="Common.Label" String="Currency"/>
        <Annotation Term="Core.Description" String="A currency code as specified in ISO 4217"/>
      </Annotations>
      <Annotations Target="ReviewService.Books/currency_code">
        <Annotation Term="Common.Label" String="Currency"/>
        <Annotation Term="Common.ValueList">
          <Record Type="Common.ValueListType">
            <PropertyValue Property="Label" String="Currency"/>
            <PropertyValue Property="CollectionPath" String="Currencies"/>
            <PropertyValue Property="Parameters">
              <Collection>
                <Record Type="Common.ValueListParameterInOut">
                  <PropertyValue Property="LocalDataProperty" PropertyPath="currency_code"/>
                  <PropertyValue Property="ValueListProperty" String="code"/>
                </Record>
                <Record Type="Common.ValueListParameterDisplayOnly">
                  <PropertyValue Property="ValueListProperty" String="name"/>
                </Record>
              </Collection>
            </PropertyValue>
          </Record>
        </Annotation>
        <Annotation Term="Core.Description" String="A currency code as specified in ISO 4217"/>
      </Annotations>
      <Annotations Target="ReviewService.Books/isReviewable">
        <Annotation Term="UI.Hidden" Bool="true"/>
        <Annotation Term="Core.Computed" Bool="true"/>
      </Annotations>
      <Annotations Target="ReviewService.Authors">
        <Annotation Term="Common.SemanticKey">
          <Collection>
            <PropertyPath>name</PropertyPath>
          </Collection>
        </Annotation>
        <Annotation Term="UI.Identification">
          <Collection>
            <Record Type="UI.DataField">
              <PropertyValue Property="Value" Path="name"/>
            </Record>
          </Collection>
        </Annotation>
        <Annotation Term="UI.SelectionFields">
          <Collection>
            <PropertyPath>name</PropertyPath>
          </Collection>
        </Annotation>
        <Annotation Term="UI.LineItem">
          <Collection>
            <Record Type="UI.DataField">
              <PropertyValue Property="Value" Path="ID"/>
            </Record>
            <Record Type="UI.DataField">
              <PropertyValue Property="Value" Path="name"/>
            </Record>
            <Record Type="UI.DataField">
              <PropertyValue Property="Value" Path="dateOfBirth"/>
            </Record>
            <Record Type="UI.DataField">
              <PropertyValue Property="Value" Path="dateOfDeath"/>
            </Record>
            <Record Type="UI.DataField">
              <PropertyValue Property="Value" Path="placeOfBirth"/>
            </Record>
            <Record Type="UI.DataField">
              <PropertyValue Property="Value" Path="placeOfDeath"/>
            </Record>
          </Collection>
        </Annotation>
        <Annotation Term="UI.HeaderInfo">
          <Record Type="UI.HeaderInfoType">
            <PropertyValue Property="TypeName" String="Author"/>
            <PropertyValue Property="TypeNamePlural" String="Authors"/>
            <PropertyValue Property="Title">
              <Record Type="UI.DataField">
                <PropertyValue Property="Value" Path="name"/>
              </Record>
            </PropertyValue>
            <PropertyValue Property="Description">
              <Record Type="UI.DataField">
                <PropertyValue Property="Value" Path="dateOfBirth"/>
              </Record>
            </PropertyValue>
          </Record>
        </Annotation>
        <Annotation Term="UI.Facets">
          <Collection>
            <Record Type="UI.ReferenceFacet">
              <PropertyValue Property="Target" AnnotationPath="books/@UI.LineItem"/>
            </Record>
          </Collection>
        </Annotation>
      </Annotations>
      <Annotations Target="ReviewService.EntityContainer/Authors">
        <Annotation Term="PersonalData.DataSubjectRole" String="Author"/>
        <Annotation Term="PersonalData.EntitySemantics" String="DataSubject"/>
        <Annotation Term="Capabilities.DeleteRestrictions">
          <Record Type="Capabilities.DeleteRestrictionsType">
            <PropertyValue Property="Deletable" Bool="false"/>
          </Record>
        </Annotation>
        <Annotation Term="Capabilities.InsertRestrictions">
          <Record Type="Capabilities.InsertRestrictionsType">
            <PropertyValue Property="Insertable" Bool="false"/>
          </Record>
        </Annotation>
        <Annotation Term="Capabilities.UpdateRestrictions">
          <Record Type="Capabilities.UpdateRestrictionsType">
            <PropertyValue Property="Updatable" Bool="false"/>
          </Record>
        </Annotation>
      </Annotations>
      <Annotations Target="ReviewService.Authors/ID">
        <Annotation Term="PersonalData.FieldSemantics" String="DataSubjectID"/>
        <Annotation Term="UI.HiddenFilter" Bool="true"/>
        <Annotation Term="Core.Computed" Bool="true"/>
        <Annotation Term="Common.Label" String="ID"/>
      </Annotations>
      <Annotations Target="ReviewService.Authors/createdAt">
        <Annotation Term="UI.HiddenFilter" Bool="true"/>
        <Annotation Term="Core.Immutable" Bool="true"/>
        <Annotation Term="Core.Computed" Bool="true"/>
        <Annotation Term="Common.Label" String="Created On"/>
      </Annotations>
      <Annotations Target="ReviewService.Authors/createdBy">
        <Annotation Term="UI.HiddenFilter" Bool="true"/>
        <Annotation Term="Core.Immutable" Bool="true"/>
        <Annotation Term="Core.Computed" Bool="true"/>
        <Annotation Term="Core.Description" String="A user's unique ID"/>
        <Annotation Term="Common.Label" String="Created By"/>
      </Annotations>
      <Annotations Target="ReviewService.Authors/modifiedAt">
        <Annotation Term="UI.HiddenFilter" Bool="true"/>
        <Annotation Term="Core.Computed" Bool="true"/>
        <Annotation Term="Common.Label" String="Changed On"/>
      </Annotations>
      <Annotations Target="ReviewService.Authors/modifiedBy">
        <Annotation Term="UI.HiddenFilter" Bool="true"/>
        <Annotation Term="Core.Computed" Bool="true"/>
        <Annotation Term="Core.Description" String="A user's unique ID"/>
        <Annotation Term="Common.Label" String="Changed By"/>
      </Annotations>
      <Annotations Target="ReviewService.Authors/name">
        <Annotation Term="PersonalData.IsPotentiallySensitive" Bool="true"/>
        <Annotation Term="Validation.Pattern" String="^\p{Lu}.*"/>
        <Annotation Term="Common.Label" String="Name"/>
      </Annotations>
      <Annotations Target="ReviewService.Authors/dateOfBirth">
        <Annotation Term="Common.Label" String="DateOfBirth"/>
      </Annotations>
      <Annotations Target="ReviewService.Authors/dateOfDeath">
        <Annotation Term="Common.Label" String="DateOfDeath"/>
      </Annotations>
      <Annotations Target="ReviewService.Authors/placeOfBirth">
        <Annotation Term="Common.Label" String="PlaceOfBirth"/>
      </Annotations>
      <Annotations Target="ReviewService.Authors/placeOfDeath">
        <Annotation Term="Common.Label" String="PlaceOfDeath"/>
      </Annotations>
      <Annotations Target="ReviewService.Genres">
        <Annotation Term="Common.SemanticKey">
          <Collection>
            <PropertyPath>name</PropertyPath>
          </Collection>
        </Annotation>
        <Annotation Term="UI.SelectionFields">
          <Collection>
            <PropertyPath>name</PropertyPath>
          </Collection>
        </Annotation>
        <Annotation Term="UI.LineItem">
          <Collection>
            <Record Type="UI.DataField">
              <PropertyValue Property="Value" Path="name"/>
            </Record>
            <Record Type="UI.DataField">
              <PropertyValue Property="Value" Path="parent/name"/>
              <PropertyValue Property="Label" String="Main Genre"/>
            </Record>
          </Collection>
        </Annotation>
        <Annotation Term="UI.Identification">
          <Collection>
            <Record Type="UI.DataField">
              <PropertyValue Property="Value" Path="name"/>
            </Record>
          </Collection>
        </Annotation>
        <Annotation Term="UI.HeaderInfo">
          <Record Type="UI.HeaderInfoType">
            <PropertyValue Property="TypeName" String="Genre"/>
            <PropertyValue Property="TypeNamePlural" String="Genres"/>
            <PropertyValue Property="Title">
              <Record Type="UI.DataField">
                <PropertyValue Property="Value" Path="name"/>
              </Record>
            </PropertyValue>
            <PropertyValue Property="Description">
              <Record Type="UI.DataField">
                <PropertyValue Property="Value" Path="ID"/>
              </Record>
            </PropertyValue>
          </Record>
        </Annotation>
        <Annotation Term="UI.Facets">
          <Collection>
            <Record Type="UI.ReferenceFacet">
              <PropertyValue Property="Label" String="SubGenres"/>
              <PropertyValue Property="Target" AnnotationPath="children/@UI.LineItem"/>
            </Record>
          </Collection>
        </Annotation>
        <Annotation Term="Core.Description" String="Hierarchically organized Code List for Genres"/>
      </Annotations>
      <Annotations Target="ReviewService.Genres/name">
        <Annotation Term="Common.Label" String="Genre"/>
      </Annotations>
      <Annotations Target="ReviewService.Genres/descr">
        <Annotation Term="Common.Label" String="Description"/>
      </Annotations>
      <Annotations Target="ReviewService.Genres/ID">
        <Annotation Term="Common.Label" String="ID"/>
      </Annotations>
      <Annotations Target="ReviewService.Genres/parent_ID">
        <Annotation Term="Common.ValueList">
          <Record Type="Common.ValueListType">
            <PropertyValue Property="Label" String="Genres"/>
            <PropertyValue Property="CollectionPath" String="Genres"/>
            <PropertyValue Property="Parameters">
              <Collection>
                <Record Type="Common.ValueListParameterInOut">
                  <PropertyValue Property="LocalDataProperty" PropertyPath="parent_ID"/>
                  <PropertyValue Property="ValueListProperty" String="ID"/>
                </Record>
                <Record Type="Common.ValueListParameterDisplayOnly">
                  <PropertyValue Property="ValueListProperty" String="name"/>
                </Record>
              </Collection>
            </PropertyValue>
          </Record>
        </Annotation>
      </Annotations>
      <Annotations Target="ReviewService.Currencies">
        <Annotation Term="UI.Identification">
          <Collection>
            <Record Type="UI.DataField">
              <PropertyValue Property="Value" Path="name"/>
            </Record>
          </Collection>
        </Annotation>
      </Annotations>
      <Annotations Target="ReviewService.Currencies/name">
        <Annotation Term="Common.Label" String="Name"/>
      </Annotations>
      <Annotations Target="ReviewService.Currencies/descr">
        <Annotation Term="Common.Label" String="Description"/>
      </Annotations>
      <Annotations Target="ReviewService.Currencies/code">
        <Annotation Term="Common.Text" Path="name"/>
        <Annotation Term="Common.Label" String="Currency Code"/>
      </Annotations>
      <Annotations Target="ReviewService.Currencies/symbol">
        <Annotation Term="Common.Label" String="Currency Symbol"/>
      </Annotations>
      <Annotations Target="ReviewService.DraftAdministrativeData">
        <Annotation Term="Common.Label" String="Draft Administrative Data"/>
      </Annotations>
      <Annotations Target="ReviewService.DraftAdministrativeData/DraftUUID">
        <Annotation Term="UI.Hidden" Bool="true"/>
        <Annotation Term="Common.Label" String="Draft (Technical ID)"/>
      </Annotations>
      <Annotations Target="ReviewService.DraftAdministrativeData/CreationDateTime">
        <Annotation Term="Common.Label" String="Draft Created On"/>
      </Annotations>
      <Annotations Target="ReviewService.DraftAdministrativeData/CreatedByUser">
        <Annotation Term="Common.Label" String="Draft Created By"/>
      </Annotations>
      <Annotations Target="ReviewService.DraftAdministrativeData/DraftIsCreatedByMe">
        <Annotation Term="UI.Hidden" Bool="true"/>
        <Annotation Term="Common.Label" String="Draft Created By Me"/>
      </Annotations>
      <Annotations Target="ReviewService.DraftAdministrativeData/LastChangeDateTime">
        <Annotation Term="Common.Label" String="Draft Last Changed On"/>
      </Annotations>
      <Annotations Target="ReviewService.DraftAdministrativeData/LastChangedByUser">
        <Annotation Term="Common.Label" String="Draft Last Changed By"/>
      </Annotations>
      <Annotations Target="ReviewService.DraftAdministrativeData/InProcessByUser">
        <Annotation Term="Common.Label" String="Draft In Process By"/>
      </Annotations>
      <Annotations Target="ReviewService.DraftAdministrativeData/DraftIsProcessedByMe">
        <Annotation Term="UI.Hidden" Bool="true"/>
        <Annotation Term="Common.Label" String="Draft In Process By Me"/>
      </Annotations>
      <Annotations Target="ReviewService.Books_texts/ID">
        <Annotation Term="UI.HiddenFilter" Bool="true"/>
        <Annotation Term="Core.Computed" Bool="true"/>
        <Annotation Term="Common.Label" String="ID"/>
      </Annotations>
      <Annotations Target="ReviewService.Books_texts/title">
        <Annotation Term="Common.Label" String="Title"/>
      </Annotations>
      <Annotations Target="ReviewService.Books_texts/descr">
        <Annotation Term="UI.MultiLineText" Bool="true"/>
        <Annotation Term="Common.Label" String="Description"/>
      </Annotations>
      <Annotations Target="ReviewService.Genres_texts/name">
        <Annotation Term="Common.Label" String="Genre"/>
      </Annotations>
      <Annotations Target="ReviewService.Genres_texts/descr">
        <Annotation Term="Common.Label" String="Description"/>
      </Annotations>
      <Annotations Target="ReviewService.Genres_texts/ID">
        <Annotation Term="Common.Label" String="ID"/>
      </Annotations>
      <Annotations Target="ReviewService.Currencies_texts/name">
        <Annotation Term="Common.Label" String="Name"/>
      </Annotations>
      <Annotations Target="ReviewService.Currencies_texts/descr">
        <Annotation Term="Common.Label" String="Description"/>
      </Annotations>
      <Annotations Target="ReviewService.Currencies_texts/code">
        <Annotation Term="Common.Text" Path="name"/>
        <Annotation Term="Common.Label" String="Currency Code"/>
      </Annotations>
    </Schema>
  </edmx:DataServices>
</edmx:Edmx>