ID;TITLE;DESCR;AUTHOR_ID;STOCK;PRICE;CURRENCY_CODE;GENRE_ID;RATING
8f45cc39-df65-4790-a63f-634e151da734;Pride and Prejudice;It is a truth universally acknowledged that when most people think of Jane Austen they think of this charming and humorous story of love, difficult families and the tricky task of finding a handsome husband with a good fortune.;b834ddb0-613a-4edf-8d47-7d80989e1325;111;20;GBP;15;
3f09036d-3a1a-4eaf-91e2-5aa6f50dcfe0;To Kill a Mockingbird;A novel before its time, Harper Lee’s Pulitzer-prize winner addresses issues of race, inequality and segregation with both levity and compassion. Told through the eyes of loveable rogues Scout and Jem, it also created one of literature’s most beloved heroes – Atticus Finch, a man determined to right the racial wrongs of the Deep South.;b22f5293-7eea-49bb-9ee7-17c5de81f1df;33;7.99;GBP;11;
21c12f7b-089b-42da-8416-d5f67606f939;The Great Gatsby;Jay Gatsby, the enigmatic millionaire who throws decadent parties but doesn’t attend them, is one of the great characters of American literature. This is F. Scott Fitzgerald at his most sparkling and devastating.;a57f75fa-2bda-47b5-ab4d-b644570f29cd;444;6.99;GBP;10;
c49c354e-8c18-4022-804c-78025b529fb1;One Hundred Years of Solitude;Gabriel García Márquez’s multi-generational spanning magnum opus was a landmark in Spanish literature.;1d2ec887-cbf1-491e-943e-33a2b4f39a6f;55;8.99;GBP;10;
0c1ffc7e-734e-4c1d-ba87-3a032ad8a5a0;In Cold Blood;The ‘true crime’ TV show / podcast you’re obsessed with probably owes a debt to this masterpiece of reportage by Truman Capote. Chilling and brilliant.;c0526b1a-9a75-4a43-9133-163325cbbd2b;66;9.99;GBP;16;
