<?xml version="1.0" encoding="UTF-8"?>
<project xsi:schemaLocation="http://maven.apache.org/POM/4.0.0 https://maven.apache.org/xsd/maven-4.0.0.xsd" xmlns="http://maven.apache.org/POM/4.0.0"
    xmlns:xsi="http://www.w3.org/2001/XMLSchema-instance">
  <modelVersion>4.0.0</modelVersion>
  <groupId>my</groupId>
  <artifactId>bookshop-parent</artifactId>
  <version>1.0.0-SNAPSHOT</version>
  <packaging>pom</packaging>
  <name>bookshop parent</name>
  <modules>
    <module>srv</module>
  </modules>
  <properties>
    <cds.services.version>1.23.1</cds.services.version>
    <spring.boot.version>2.6.6</spring.boot.version>
    <cf-java-logging-support.version>3.5.7</cf-java-logging-support.version>
    <cloud.sdk.version>3.65.0</cloud.sdk.version>
    <revision>1.0.0-SNAPSHOT</revision>
    <xsuaa.version>2.11.15</xsuaa.version>
    <jdk.version>1.8</jdk.version>
  </properties>
  <dependencyManagement>
    <dependencies>
      <dependency>
        <groupId>com.sap.cds</groupId>
        <artifactId>cds-services-bom</artifactId>
        <version>${cds.services.version}</version>
        <type>pom</type>
        <scope>import</scope>
      </dependency>
      <dependency>
        <groupId>org.springframework.boot</groupId>
        <artifactId>spring-boot-dependencies</artifactId>
        <version>${spring.boot.version}</version>
        <type>pom</type>
        <scope>import</scope>
      </dependency>
      <dependency>
        <groupId>com.sap.cloud.sdk</groupId>
        <artifactId>sdk-modules-bom</artifactId>
        <version>${cloud.sdk.version}</version>
        <type>pom</type>
        <scope>import</scope>
      </dependency>
      <dependency>
        <groupId>com.sap.cloud.security</groupId>
        <artifactId>java-bom</artifactId>
        <version>${xsuaa.version}</version>
        <type>pom</type>
        <scope>import</scope>
      </dependency>
    </dependencies>
  </dependencyManagement>
  <build>
    <plugins>
      <plugin>
        <artifactId>maven-compiler-plugin</artifactId>
        <version>3.8.1</version>
        <configuration>
          <source>${jdk.version}</source>
          <target>${jdk.version}</target>
          <encoding>UTF-8</encoding>
        </configuration>
      </plugin>
      <plugin>
        <groupId>org.springframework.boot</groupId>
        <artifactId>spring-boot-maven-plugin</artifactId>
        <version>${spring.boot.version}</version>
        <configuration>
          <skip>true</skip>
        </configuration>
      </plugin>
      <plugin>
        <artifactId>maven-surefire-plugin</artifactId>
        <version>3.0.0-M5</version>
        <configuration>
          <failIfNoTests>true</failIfNoTests>
        </configuration>
      </plugin>
      <plugin>
        <groupId>org.codehaus.mojo</groupId>
        <artifactId>flatten-maven-plugin</artifactId>
        <version>1.2.5</version>
        <executions>
          <execution>
            <id>flatten</id>
            <phase>process-resources</phase>
            <goals>
              <goal>flatten</goal>
            </goals>
          </execution>
          <execution>
            <id>flatten.clean</id>
            <phase>clean</phase>
            <goals>
              <goal>clean</goal>
            </goals>
          </execution>
        </executions>
        <configuration>
          <updatePomFile>true</updatePomFile>
          <flattenMode>resolveCiFriendliesOnly</flattenMode>
        </configuration>
      </plugin>
      <plugin>
        <artifactId>maven-enforcer-plugin</artifactId>
        <version>3.0.0-M3</version>
        <executions>
          <execution>
            <id>Project Structure Checks</id>
            <goals>
              <goal>enforce</goal>
            </goals>
            <configuration>
              <rules>
                <requireMavenVersion>
                  <version>3.5</version>
                </requireMavenVersion>
                <requireJavaVersion>
                  <version>${jdk.version}</version>
                </requireJavaVersion>
                <reactorModuleConvergence />
              </rules>
              <fail>true</fail>
            </configuration>
          </execution>
        </executions>
      </plugin>
    </plugins>
  </build>
</project>
