{
	"VCAP_SERVICES": {
		"postgresql": [
			{
				"label": "postgresql",
				"provider": null,
				"plan": "v9.6-dev",
				"name": "automationnaaspg",
				"tags": [
					"postgresql",
					"relational"
				],
				"instance_guid": "3d497342-894c-4a6a-98e8-41a5768a8e85",
				"instance_name": "automationnaaspg",
				"binding_guid": "55343ba7-6b7c-44d7-9fca-80e2cc2aece3",
				"binding_name": null,
				"credentials": {
					"hostname": "10.11.241.0",
					"ports": {
						"5432/tcp": "39508"
					},
					"port": "39508",
					"username": "RbNwxd49AdJ33KtA",
					"password": "b61pgkU6C5CMIcDZ",
					"dbname": "F_IuzpivJ69xr4dQ",
					"uri": "postgres://RbNwxd49AdJ33KtA:b61pgkU6C5CMIcDZ@10.11.241.0:39508/F_IuzpivJ69xr4dQ",
					"end_points": [
						{
							"network_id": "SF",
							"host": "10.11.241.0",
							"port": "39508"
						}
					]
				},
				"syslog_drain_url": null,
				"volume_mounts": []
			}
		]
	}
}